gene_id,m-SES-leaf-roll-2,m-SES-mature-leaf-3,m-SES-stem3-2,m-SES-stem6-1,m-SES-stem9-1,pre-m-SES-leaf-roll,pre-m-SES-m-leaf,pre-m-SES-stem-3,pre-m-SES-stem-6,pre-m-SES-stem-9,seedling-Sleaf1,seedling-Sleaf2,seedling-Sleaf3,seedling-Sstem1,seedling-Sstem2,seedling-Sstem3,SES1-1,SES1-2,SES1-3,SES2-1,SES2-2,SES2-3,SES3-1,SES3-2,SES3-3,SES4-1,SES4-2,SES4-3,SES5-1,SES5-2,SES5-3,SES6-1,SES6-2,SES6-3,SES7-1,SES7-2,SES7-3,SES8-1,SES8-2,SES8-3,SES9-1,SES9-2,SES9-3,SES10-1,SES10-2,SES10-3,SES11-1,SES11-2,SES11-3,SES12-1,SES12-2,SES12-3,Ss1-1.RSEM,Ss1-2.RSEM,Ss1-3.RSEM,Ss10-1.RSEM,Ss10-2.RSEM,Ss10-3.RSEM,Ss11-1.RSEM,Ss11-2.RSEM,Ss11-3.RSEM,Ss12-1.RSEM,Ss12-2.RSEM,Ss12-3.RSEM,Ss13-1.RSEM,Ss13-2.RSEM,Ss13-3.RSEM,Ss14-1.RSEM,Ss14-2.RSEM,Ss14-3.RSEM,Ss15-1.RSEM,Ss15-2.RSEM,Ss2-1.RSEM,Ss2-2.RSEM,Ss2-3.RSEM,Ss3-1.RSEM,Ss3-2.RSEM,Ss3-3.RSEM,Ss4-1.RSEM,Ss4-2.RSEM,Ss4-3.RSEM,Ss5-1.RSEM,Ss5-2.RSEM,Ss5-3.RSEM,Ss6-1.RSEM,Ss6-2.RSEM,Ss6-3.RSEM,Ss7-1.RSEM,Ss7-2.RSEM,Ss7-3.RSEM,Ss8-1.RSEM,Ss8-2.RSEM,Ss8-3.RSEM,Ss9-1.RSEM,Ss9-2.RSEM,Ss9-3.RSEM
Sspon.008A0000000,0.0,0.0,0.0,0.0,0.0,0.0,0.0,0.0,0.0,0.0,0.0,0.0,0.0,0.0,0.0,0.0,0.0,0.0,0.0,0.0,0.0,0.0,0.0,0.0,0.0,0.0,0.0,0.0,0.0,0.0,0.0,0.0,0.0,0.0,0.0,0.0,0.0,0.0,0.0,0.0,0.0,0.0,0.0,0.0,0.0,0.0,0.0,0.0533994,0.0,0.0,0.0,0.0,0.03,0.0,0.0,0.0,0.0,0.03,0.03,0.53,0.0,0.0,0.32,0.0,0.0,0.29,0.16,0.0,0.24,0.08,0.05,0.03,0.0,0.0,0.0,0.0,0.0,0.0,0.0,0.0,0.0,0.0,0.0,0.0,0.0,0.0,0.0,0.0,0.0,0.0,0.0,0.03,0.0,0.0,0.0,0.0
Sspon.008A0000010,0.0,0.0,0.0,0.0,0.0,0.0,0.0,0.0,0.0,0.0,0.0,0.0,0.0,0.0,0.0,0.0,0.0,0.0,0.0,0.0,0.0,0.0,0.0,0.0,0.0,0.0,0.0,0.0,0.0,0.0,0.0,0.0,0.0,0.0,0.0,0.0,0.0,0.0,0.0,0.0,0.0,0.0,0.0,0.0,0.0,0.0,0.0,0.0,0.0,0.0,0.0,0.0,0.0,0.0,0.0,0.0,0.0,0.0,0.03,0.0,0.0,0.0,0.0,0.0,0.0,0.0,0.04,0.0,0.0,0.04,0.0,0.0,0.0,0.0,0.0,0.0,0.0,0.0,0.0,0.0,0.0,0.05,0.0,0.0,0.0,0.0,0.0,0.0,0.0,0.05,0.04,0.0,0.0,0.07,0.0,0.2
Sspon.008A0000020,0.0,0.0,0.0,0.0,0.0,0.0,0.0,0.0,0.0,0.0,0.0,0.0,0.0,0.0,0.0,0.0,0.0,0.0,0.0,0.0,0.0,0.0,0.0,0.0,0.0,0.0,0.0,0.0,0.0,0.0,0.0,0.0,0.0,0.0,0.0,0.0,0.0,0.0,0.0,0.0,0.0,0.0,0.0,0.0,0.0,0.0,0.0,0.0,0.0,0.0,0.0,0.0,0.0,0.0,0.0,0.0,0.0,0.0,0.0,0.03,0.0,0.0,0.0,0.0,0.0,0.0,0.0,0.0,0.0,0.0,0.0,0.0,0.0,0.0,0.0,0.0,0.0,0.0,0.0,0.0,0.0,0.19,0.0,0.0,0.16,0.0,0.1,0.06,0.0,0.04,0.07,0.0,0.0,0.0,0.0,0.0
Sspon.008A0000030,0.0,0.0,0.0,0.0,0.0,0.0,0.0,0.0,0.0,0.0,0.0,0.0,0.0,0.0,0.0,0.0,0.0,0.0,0.0,0.0,0.0,0.0,0.0,0.0,0.0,0.0,0.0,0.0,0.0,0.0,0.0,0.0,0.0,0.0,0.0,0.0,0.0,0.0,0.0,0.0,0.0,0.0,0.0,0.0,0.0,0.0,0.0,0.0,0.0,0.0,0.0,0.0,0.0,0.0,0.0,0.0,0.0,0.0,0.0,0.0,0.0,0.0,0.0,0.0,0.0,0.0,0.0,0.0,0.0,0.0,0.0,0.0,0.0,0.0,0.0,0.0,0.0,0.0,0.0,0.0,0.0,0.0,0.0,0.0,0.0,0.0,0.0,0.0,0.0,0.0,0.0,0.0,0.0,0.0,0.0,0.0
Sspon.008A0000040,0.0,0.0,0.0,0.0,0.0,0.0,0.0,0.0,0.0,0.0,0.0,0.0,0.0,0.0,0.0,0.0,0.0,0.0,0.0,0.0,0.0,0.0,0.0,0.0,0.0,0.0,0.0,0.0,0.0,0.0,0.0,0.0,0.0,0.0,0.0,0.0,0.0,0.0,0.0,0.0,0.0,0.0,0.0,0.0,0.0,0.0,0.0,0.0,0.0,0.0,0.0,0.0,0.0,0.0,0.0,0.0,0.0,0.95,0.0,0.0,0.0,0.0,0.0,0.0,0.0,0.0,0.0,0.0,0.0,0.0,0.0,0.0,0.0,0.11,0.0,0.0,0.0,0.0,0.0,0.0,0.0,0.0,0.0,0.0,0.0,0.0,0.0,0.0,0.0,0.0,0.0,0.0,0.0,3.1,0.0,0.0
Sspon.008A0000050,0.0,0.033426,0.121972,0.103849,0.24465,0.0,0.0,0.0538236,0.0,0.0,0.0247762,0.0,0.0,0.0491041,0.0479593,0.0,0.0,0.014193,0.0,0.0104446,0.0172972,0.0,0.0114664,0.0100866,0.0272976,0.0,0.00983582,0.0,0.00986575,0.0144271,0.0,0.0427029,0.0,0.0,0.0,0.0,0.0,0.0119653,0.0,0.0110253,0.0203747,0.0,0.021804,0.0518972,0.0,0.0540153,0.0,0.0113066,0.0,0.0,0.0147156,0.0,0.0,0.0,0.0,0.0,0.0,0.0,0.0,0.0,0.0,0.0,0.0,0.0,0.0,0.0,0.0,0.0,0.0,0.0,0.0,0.0,0.16,0.0,0.0,0.07,0.09,0.0,0.0,0.0,0.0,0.12,0.0,0.0,0.0,0.04,0.0,0.0,0.0,0.0,0.04,0.0,0.0,0.0,0.0,0.0
Sspon.008A0000051,0.0,0.0,0.0,0.0,0.460592,0.0,0.0,0.0,0.0,0.0,0.0,0.0,0.0,0.407854,0.0,0.339458,0.0,0.0,0.0,0.0,0.0,0.0,0.0,0.0,0.0,0.0,0.0,0.0,0.0,0.0,0.0,0.0,0.546489,0.0,0.0,0.0,0.0,0.0,0.0,0.0,0.0,0.0,0.0,0.0,0.0,0.0,0.0,0.0,0.0,0.0,0.0,0.0,0.0,0.0,0.0,0.61,0.0,0.0,0.0,0.58,0.21,0.0,0.0,0.0,0.31,0.74,0.0,0.56,0.0,0.06,0.74,0.0,0.0,0.0,0.0,0.0,0.08,0.0,1.16,0.0,0.0,0.0,0.0,0.0,0.0,1.17,0.36,0.0,0.27,0.0,0.0,0.41,0.0,0.0,0.0,0.0
Sspon.008A0000070,0.238305,0.0664644,0.291972,2.30785,1.25478,0.508533,0.555362,0.547961,4.33716,6.42379,0.561078,0.410239,0.736805,1.05936,0.615607,0.795928,0.0972183,0.348191,0.183387,0.0973415,0.52487,0.21936,1.128,1.26859,1.11272,0.423799,0.238894,1.07069,0.426215,0.886502,1.56189,0.391179,0.0,0.70068,2.02981,0.625106,0.282214,0.284709,1.33434,1.08143,0.305229,0.539901,0.63609,0.950251,1.04814,0.560467,0.268534,0.310092,0.882051,0.271542,0.265025,0.0839121,1.94,0.94,0.93,0.31,0.69,0.27,0.0,0.0,0.09,1.24,0.79,0.6,1.19,1.35,0.38,0.57,1.54,0.45,2.29,1.68,0.59,0.59,0.34,0.03,1.91,0.17,0.67,2.34,0.51,1.42,0.98,0.0,0.5,0.0,0.41,0.24,0.01,0.53,1.71,0.48,0.84,0.42,0.59,0.46
Sspon.008A0000071,0.573433,1.26848,1.42897,1.41601,2.30906,3.47348,1.26974,0.0,0.408477,1.94973,2.3274,0.430332,0.599032,0.721148,1.44033,0.748172,0.0953893,0.0,0.537769,0.0,0.102546,0.852731,0.14045,0.0,0.101245,0.0,0.467421,0.510468,0.243945,0.176464,0.594132,0.771614,1.05675,0.0,0.500182,1.08658,0.421199,0.135335,0.764387,0.536243,0.64482,0.794891,0.0,0.535154,0.518333,0.409326,0.391535,0.304981,0.430663,0.132862,0.25516,0.0,0.0,0.0,0.0,0.0,0.0,0.0,0.0,0.0,0.0,0.0,0.0,0.0,0.0,0.14,0.0,0.0,0.0,0.0,0.0,0.0,0.0,0.0,0.0,0.0,0.0,0.0,0.0,0.17,0.0,0.0,0.0,0.0,0.0,0.0,0.0,0.0,0.0,0.0,0.0,0.0,0.0,0.0,0.0,0.0
Sspon.008A0000080,216.027,254.281,10.7461,17.8065,17.1839,82.1805,141.31,6.40362,15.8093,18.9436,87.1092,94.4701,108.719,31.3417,34.6175,35.2943,104.811,91.1635,91.6113,91.4327,92.0221,91.147,98.9087,87.6404,72.2737,160.616,98.437,109.788,215.732,130.101,153.477,189.307,228.01,243.83,246.636,187.502,218.47,132.845,123.197,170.021,173.64,148.018,120.592,142.983,116.602,123.657,153.39,117.368,104.637,94.5426,118.27,86.3123,55.41,32.15,47.88,365.1,284.89,409.96,247.97,276.05,372.1,256.92,245.18,332.58,274.76,251.03,305.64,288.75,286.63,317.42,327.47,332.12,122.4,53.27,75.15,197.8,114.45,140.44,316.29,168.04,214.1,358.98,222.36,266.84,381.88,309.86,317.44,410.83,329.07,386.99,422.69,321.82,442.92,321.41,312.65,458.93
Sspon.008A0000081,0.642975,0.366857,3.11939,1.76681,2.58661,0.346634,0.269938,4.84486,0.282242,1.25045,0.563369,0.575725,0.238288,1.4575,1.19695,1.35228,0.200181,1.05219,0.285477,0.104004,0.42114,0.381937,0.158775,0.32013,0.201409,0.210706,0.277091,0.230059,0.404275,0.0,0.0894353,0.649893,0.736662,0.349552,0.267321,0.498849,0.0433514,0.173729,0.1717,0.651483,0.259992,0.326598,0.0,0.334921,0.71521,0.0868347,0.249813,0.836935,0.550596,0.510887,0.34377,0.248103,0.49,0.3,0.18,0.01,0.0,0.24,0.0,0.0,0.13,0.0,0.0,0.24,0.0,0.13,0.35,0.0,0.0,0.0,0.19,0.0,0.41,1.01,0.68,0.0,0.31,0.13,0.15,0.0,0.11,0.37,0.0,0.0,0.16,0.28,0.0,0.0,0.15,0.23,0.0,0.0,0.0,0.3,0.0,0.1
Sspon.008A0000082,0.569642,1.02179,2.88735,1.83856,2.73735,0.502597,0.356954,2.16037,1.17015,1.03442,1.11299,1.10738,0.867345,1.51558,1.51404,1.49609,0.454243,0.405822,0.359096,0.361935,0.408149,0.460745,0.36341,0.382034,0.550982,0.367836,0.477632,0.637058,0.303058,0.254726,0.443988,0.568233,0.744382,0.601601,0.623592,0.637736,0.496366,0.374999,0.639867,0.509979,0.688798,0.545398,0.562362,0.49665,0.619251,0.658328,0.856591,0.632234,0.606338,0.840849,0.629874,0.376335,3.24,2.31,3.09,0.62,0.92,0.67,0.97,0.75,0.77,1.29,0.87,0.98,0.97,0.93,1.29,1.45,1.18,1.47,1.78,1.38,2.92,2.3,4.93,2.94,2.62,2.82,1.52,1.74,3.07,1.31,0.66,2.28,0.69,1.51,1.28,1.28,1.21,1.15,0.66,1.34,1.04,0.6,0.83,1.0
Sspon.008A0000100,0.0,0.0,0.0,0.0,0.0,0.0,0.0,0.0,0.0,0.0,0.0,0.0,0.305714,0.0,0.0,0.0,0.0,0.0,0.0,0.0,0.0,0.0,0.0,0.0,0.0,0.0,0.0,0.0,0.0,0.0,0.0,0.0,0.0,0.0652792,0.0,0.0,0.0,0.0,0.0,0.0,0.0,0.0,0.0,0.0,0.0,0.0,0.0,0.0,0.0,0.0,0.0,0.0,0.0,0.0,0.0,0.0,0.0,0.0,0.0,0.0,0.0,0.0,0.0,0.04,0.12,0.0,0.0,0.08,0.0,0.0,0.0,0.04,0.0,0.04,0.04,0.0,0.0,0.04,0.0,0.0,0.0,0.0,0.0,0.0,0.0,0.0,0.0,0.0,0.0,0.05,0.0,0.0,0.0,0.0,0.0,0.0
Sspon.008A0000110,148.487,174.646,8.01075,12.0017,13.7888,66.795,113.183,6.85732,11.6654,12.6782,75.4937,79.5061,97.1802,26.6611,28.9235,26.907,70.0576,60.9844,60.084,54.9441,60.9071,66.5679,63.454,63.9328,50.8816,110.08,67.5695,72.968,149.114,83.6771,101.107,121.497,165.584,161.189,152.41,137.984,154.961,96.3914,90.5971,121.255,119.073,97.4306,80.5046,93.0183,78.4377,90.3657,105.493,86.4148,72.6853,63.6131,88.345,58.3972,6.15,4.19,6.35,26.86,31.3,43.35,23.38,26.16,43.66,25.8,30.5,36.4,32.89,28.16,35.16,27.51,23.7,31.56,30.8,34.34,13.13,7.41,7.68,21.83,11.77,12.55,28.6,19.56,21.17,37.03,30.3,35.14,41.69,29.47,42.52,45.72,39.81,48.11,41.33,37.49,44.73,37.76,45.6,49.45
Sspon.008A0000111,0.562171,0.585449,0.22011,0.140991,0.277715,0.0,0.0,0.407086,0.0,0.31956,0.649476,0.935169,0.177167,0.406049,0.310436,0.879372,0.30018,0.227175,0.495858,0.261156,0.0,0.0848495,0.433885,0.0879154,0.0776994,0.350211,0.0,0.346803,0.26509,0.0682125,0.0670257,0.0335143,0.320546,0.0382429,0.195668,0.0645925,0.0904815,0.33223,0.300397,0.190844,0.181599,0.260492,0.400339,0.104694,0.36336,0.397351,0.93501,0.212684,0.156235,0.314665,0.17985,0.13151,42.85,28.78,36.73,16.4,18.81,21.92,18.97,19.77,20.44,17.16,21.01,26.84,19.48,22.05,31.3,23.75,29.89,31.03,20.11,17.8,44.67,35.74,34.92,30.85,25.15,33.67,23.38,22.44,34.45,13.28,14.64,33.18,22.03,29.13,20.43,24.5,15.33,16.6,15.69,16.1,24.26,23.47,20.56,19.72
Sspon.008A0000130,0.518779,0.822552,3.06674,1.25069,2.45518,0.428091,0.289054,1.25967,0.734632,0.704805,0.763478,0.894807,0.601774,0.992667,1.55567,1.29761,0.222633,0.185081,0.302982,0.226132,0.571762,0.21574,0.266173,0.258846,0.109991,0.235258,0.42111,0.421735,0.321056,0.113478,0.424824,0.477259,0.442311,0.457415,0.470218,0.479864,0.423994,0.416215,0.463737,0.43128,0.379231,0.451011,0.456156,0.34584,0.453154,0.563437,0.391842,0.496435,0.3122,0.669882,0.525255,0.3965,0.0,0.0,0.0,0.0,0.0,0.0,0.0,0.0,0.0,0.0,0.0,0.0,0.0,0.0,0.0,0.0,0.0,0.0,0.0,0.0,0.0,0.0,0.0,0.0,0.0,0.0,0.0,0.0,0.0,0.0,0.0,0.0,0.0,0.0,0.0,0.0,0.0,0.0,0.0,0.0,0.0,0.0,0.0,0.22
Sspon.008A0000131,0.0,0.0,0.0839788,0.106752,0.0421374,0.0,0.0,0.0,0.115412,0.0,0.0,0.0429206,0.0,0.0,0.222112,0.0,0.0339363,0.0,0.0,0.0,0.0735034,0.038526,0.0487452,0.0321336,0.0,0.0597895,0.0,0.0238366,0.0419453,0.0613301,0.0303475,0.0907489,0.488171,0.135805,0.0441631,0.132415,0.0976262,0.0,0.116422,0.0937311,0.108184,0.188499,0.174068,0.0472654,0.109141,0.196728,0.141565,0.108119,0.0386297,0.047502,0.0234419,0.0,0.56,0.5,0.29,0.05,0.05,0.05,0.03,0.0,0.12,0.04,0.04,0.04,0.11,0.04,0.0,0.03,0.05,0.03,0.02,0.03,0.13,0.1,0.05,0.0,0.08,0.03,0.04,0.04,0.06,0.17,0.1,0.05,0.03,0.0,0.12,0.03,0.0,0.05,0.03,0.07,0.08,0.08,0.02,0.07
Sspon.008A0000140,0.0,0.0,0.0,0.0,0.0,0.0,0.0,0.0,0.0,0.0,0.0,0.0,0.0,0.0,0.0,0.0,0.0,0.0,0.0,0.0,0.0,0.0,0.0,0.0,0.0,0.0,0.0,0.0,0.0,0.0,0.0,0.0,0.0,0.0,0.0,0.0,0.0,0.0,0.0,1.16788,0.893724,0.0,0.0,0.0,0.0,0.0,0.0,0.0,0.0,0.0,0.0,0.0,0.8,0.74,0.81,0.0,0.0,0.0,0.0,0.0,0.0,0.0,0.0,0.0,0.0,0.0,0.0,0.0,0.0,0.0,0.0,0.0,0.73,0.0,0.0,0.0,0.0,0.0,0.0,0.65,0.0,0.0,0.85,0.0,0.81,0.0,0.0,0.0,0.0,0.0,0.0,0.0,0.0,0.0,0.0,0.0
Sspon.008A0000160,34.8434,31.4483,23.7176,16.114,13.5033,49.347,77.1938,15.9036,4.82379,5.78249,26.1586,26.0883,18.652,19.4548,21.5215,21.609,12.1213,10.3855,6.48347,17.3849,14.8279,15.7969,28.4538,10.1159,10.2035,9.09012,15.1306,6.12155,17.6785,10.3521,8.69381,5.0556,4.65577,12.6438,10.0062,5.26995,9.13367,2.74312,5.98783,5.38712,8.30879,6.2246,9.45108,7.4251,8.76889,8.1885,10.6654,11.9591,4.09986,11.3059,17.7892,15.7868,88.63,100.58,87.49,111.1,149.26,101.74,166.89,118.51,109.78,171.18,154.34,113.17,199.61,171.56,131.73,210.27,194.64,145.92,203.92,202.59,110.25,127.17,108.96,112.87,144.38,142.2,100.36,166.41,124.17,87.97,175.96,139.11,82.69,226.77,118.14,79.53,238.35,110.92,82.27,232.44,111.17,93.21,149.16,97.9
Sspon.008A0000161,17.6262,15.4833,8.78376,14.3365,10.817,6.51708,4.74643,2.18988,6.39559,7.82445,5.78511,7.79766,6.4471,5.26054,5.48563,6.54548,4.86,3.63598,3.3657,4.77315,5.14811,5.37056,2.76475,4.28025,4.13545,3.85146,3.41886,7.50492,4.77266,2.50888,3.84889,5.04674,3.23706,3.86351,4.54254,3.75173,3.53138,6.87946,4.98211,5.83454,4.95792,4.9833,5.76663,6.21929,4.82318,5.22825,6.13175,4.76292,3.49255,4.79905,5.16299,4.27668,3.69,3.1,5.33,2.63,2.77,5.87,4.3,3.87,5.17,5.04,3.78,3.18,5.47,3.82,4.2,6.51,6.3,4.56,5.45,7.95,3.05,2.94,3.64,4.76,4.44,3.5,5.2,5.71,5.49,5.36,6.03,3.1,6.0,5.83,5.49,4.56,4.61,4.56,4.29,6.49,5.51,4.48,4.03,5.54
Sspon.008A0000162,14.024,10.6032,0.0,0.812453,1.59161,5.85374,19.0541,0.0,1.21719,1.63039,4.36376,2.43919,2.11046,1.4535,0.198621,1.05331,0.0839778,0.245299,1.10857,1.49968,1.10284,1.20507,0.543657,0.943984,0.348301,0.830261,0.827335,0.641499,1.26876,1.34479,1.35041,1.20894,0.949475,2.10429,0.730813,0.865011,0.844005,0.682156,0.448251,0.710936,1.11957,0.556231,0.580651,0.400771,0.656864,0.808867,0.811193,0.119066,0.523585,0.327316,0.546391,2.04304,0.0,0.37,0.0,14.67,19.63,4.14,18.57,5.33,6.29,10.18,9.58,0.3,11.3,0.0,4.45,4.28,4.12,10.38,14.44,6.23,0.0,0.0,0.27,1.52,12.98,2.83,2.98,22.12,7.53,4.59,23.02,6.56,1.73,16.64,8.92,11.08,12.36,3.25,7.83,1.39,9.47,7.09,8.76,11.03
Sspon.008A0000163,1.89114,1.73345,1.13666,1.843,2.54635,1.46278,0.966189,1.11039,2.13139,1.71548,0.871793,1.1969,0.703085,1.74147,1.6985,1.26568,0.820309,1.84629,1.29322,0.548259,0.688058,0.588644,0.964769,1.27557,1.40203,1.06449,2.00429,2.29647,1.47229,0.961654,1.44951,2.41527,1.84466,1.26789,1.38426,1.4915,1.29275,2.75753,1.59804,1.8368,3.24987,2.39523,2.34588,1.75249,2.70888,1.56406,2.25752,2.10748,2.59384,1.54732,1.3916,0.640838,6.98,8.47,9.55,2.32,3.81,5.39,2.62,4.27,2.27,3.58,4.29,5.54,6.55,3.69,3.96,5.22,5.48,7.61,6.02,4.0,2.99,5.73,5.02,4.28,1.98,4.03,4.81,2.37,5.61,5.31,4.83,3.03,5.7,3.84,3.4,3.31,5.08,7.65,4.64,3.74,5.48,4.75,4.4,6.99
Sspon.008A0000164,0.0,0.0,0.0,0.0,0.0,0.0,0.0,0.0,0.0,0.0,0.423579,0.0,0.0,0.0,0.0,0.0,0.0,0.0,0.0,0.0,0.0,0.0,0.0,0.0,0.0,0.0,0.0,0.0,0.0,0.0,0.0,0.0,0.0,0.0,0.0,0.0,0.0,0.0,0.0,0.0,0.0,0.0,0.0,0.0,0.0,0.0,0.0,0.0,0.0,0.0,0.0,0.0,1.28,1.19,1.09,0.64,0.29,0.49,1.11,0.76,0.44,0.74,0.82,0.33,0.18,0.49,0.86,1.57,0.68,0.68,0.77,1.54,1.76,1.11,0.68,0.9,0.53,0.67,0.67,0.17,0.0,1.27,0.91,0.47,0.44,1.01,0.38,0.9,0.75,0.21,0.74,0.63,1.43,0.64,0.92,0.92
Sspon.008A0000165,10.6833,4.7446,0.0,0.626873,1.41217,3.91533,5.02188,0.0,0.604536,1.8639,1.23844,2.28146,1.85711,0.467017,0.202009,0.418102,0.0854931,0.340577,0.221669,0.27548,0.507496,0.513923,0.527758,0.794953,0.401167,0.930256,0.557822,0.689352,1.09097,1.00186,1.00123,1.02532,1.57,0.320515,0.790564,0.777428,0.911244,0.499061,0.35448,0.35204,0.840217,0.603356,0.356921,0.427938,0.66883,1.01569,0.825663,0.537907,0.472409,0.283468,0.428832,0.549867,0.0,0.0,0.0,0.0,0.0,0.0,0.92,0.0,0.0,0.0,0.0,1.9,0.0,0.0,0.0,0.0,0.0,0.0,0.0,1.2,0.0,0.0,0.0,0.0,0.0,0.0,0.0,0.0,0.0,0.0,0.0,0.0,0.0,0.0,0.0,0.0,0.0,0.0,0.0,0.0,0.0,0.0,0.0,0.0
Sspon.008A0000166,5.06781,3.88342,3.05957,3.51441,4.36717,2.8907,3.8789,5.3781,5.91053,6.36722,1.87271,2.71996,3.14399,3.37698,3.58281,5.04019,3.25152,4.28395,3.77038,2.21359,2.60364,2.5636,3.49232,4.58041,3.73788,3.71684,6.23043,6.58946,6.82735,5.85093,5.28836,5.19284,6.06053,5.22763,6.94939,8.08236,4.08812,7.94419,10.3862,6.06091,7.11043,5.8934,8.7931,5.58245,8.78863,7.83036,5.36899,5.35999,7.16511,4.0299,4.44755,1.60071,10.72,11.49,14.36,4.06,4.07,4.69,5.92,4.86,5.63,5.24,5.86,1.54,4.66,5.9,4.99,6.06,2.54,4.92,8.35,6.67,10.45,8.0,6.32,3.24,7.0,3.22,3.6,6.43,2.6,5.19,4.46,6.79,5.4,7.24,6.89,7.9,5.84,6.41,6.41,7.89,5.73,3.76,5.66,4.76
Sspon.008A0000167,12.3702,17.5655,0.164202,1.29997,1.51087,7.54853,17.7216,0.0,0.843504,4.8776,2.05553,1.41847,1.26709,0.808697,1.08749,0.760991,0.658705,0.686724,0.753384,3.51128,1.32334,1.14951,1.20883,1.54293,0.505189,1.00865,1.38292,1.09544,1.70442,1.50334,2.36471,2.07458,2.27704,2.59334,1.97759,1.73715,1.91271,0.973776,0.976122,1.05104,1.60162,1.2367,1.01332,1.34626,0.893649,0.904393,1.07132,1.25294,0.859764,0.466535,0.870181,2.73193,0.1,0.0,0.0,0.0,0.0,0.0,0.0,0.0,0.54,0.0,0.0,0.0,0.0,0.0,0.0,0.0,0.0,0.0,0.0,0.0,0.12,0.0,0.0,0.0,0.0,0.27,0.0,0.0,0.0,0.0,0.0,0.0,0.0,0.0,0.0,0.0,0.0,0.0,0.0,0.0,0.0,0.0,0.0,0.0
Sspon.008A0000200,1.2994,1.72061,1.17598,1.595,1.50486,0.343245,1.00452,1.51606,2.89968,1.44386,0.871195,1.68445,1.8395,3.34317,3.56097,1.29045,0.325836,1.08056,0.458623,0.792354,0.641327,0.60506,2.00853,0.787192,0.289583,0.510754,0.26603,0.937515,0.0698846,1.71579,1.8343,1.24705,2.01894,1.59962,1.56897,1.71153,1.28453,0.534895,1.24429,1.76153,0.763372,2.1132,0.336246,1.39891,0.591361,0.310195,2.15015,0.579467,1.10243,0.756267,0.36145,0.781616,4.26,2.98,2.72,2.42,0.91,2.82,1.63,1.72,2.76,0.98,0.95,2.52,1.63,2.71,2.39,1.7,4.02,1.87,2.29,3.29,5.82,3.03,4.96,4.08,5.05,4.95,3.53,2.91,3.83,5.45,1.74,4.51,3.69,2.38,4.79,3.09,2.89,4.18,3.58,1.25,2.89,2.51,1.22,3.24
Sspon.008A0000201,1.80301,1.43406,0.813386,1.2251,1.22005,2.08869,1.03315,0.678558,1.66492,0.869838,2.49137,3.12004,3.01379,2.40081,1.97877,2.46874,3.33476,3.27895,2.85289,2.6032,2.2707,2.07888,2.69171,3.54158,2.81608,3.53651,4.45089,5.04433,4.36684,4.92725,3.88174,7.72373,7.39905,5.74191,7.58144,5.57207,6.00001,6.75128,5.1462,5.72219,6.57909,7.7662,5.24682,5.39976,5.27695,5.48077,4.85366,4.66362,5.85573,4.78893,4.06405,3.16186,0.0,0.0,0.0,0.0,0.0,0.0,0.0,0.0,0.0,0.0,0.0,0.0,0.0,0.0,0.0,0.0,0.0,0.0,0.0,0.0,0.0,0.0,0.0,0.0,0.0,0.0,0.0,0.0,0.0,0.0,0.0,0.0,0.0,0.0,0.0,0.0,0.0,0.0,0.0,0.0,0.0,0.0,0.0,0.0
Sspon.008A0000202,6.07841,5.29601,29.3979,22.1099,35.3083,7.68015,9.2609,30.9039,17.0402,17.3225,10.0876,10.5652,8.26313,15.2966,20.3916,18.2636,6.47461,4.45733,4.65879,3.99096,4.98191,6.06101,6.60618,7.66894,6.78686,4.10385,4.40945,8.84013,6.02394,4.71149,8.82521,6.09303,4.99062,5.13225,6.57742,4.57365,5.9472,5.6408,5.04907,4.90883,5.2462,5.50715,5.19984,6.46663,5.82741,5.56394,5.31808,5.91468,5.79204,4.99656,5.12845,5.02874,150.84,129.66,157.32,14.94,30.68,22.86,24.66,12.67,24.78,25.42,20.18,23.73,26.8,19.68,24.25,27.43,20.91,24.53,36.55,27.61,199.77,157.09,269.12,146.84,117.57,223.08,90.84,85.58,112.47,61.55,67.02,92.32,35.56,46.16,69.32,31.98,40.14,49.09,21.21,25.61,37.32,17.54,31.87,30.78
Sspon.008A0000203,2.65486,2.48117,5.66503,4.73248,4.73396,2.20276,1.44276,5.44201,4.66287,3.96958,3.6816,3.37973,3.03877,7.43269,6.00242,6.16552,2.32339,2.4244,2.45995,2.10521,2.73373,2.19505,2.43349,2.89534,3.25508,3.22623,4.28598,3.127,3.65768,3.76825,3.925,3.59691,3.75273,3.72344,4.67885,4.27054,4.00868,3.81076,4.06221,4.18945,3.30214,3.58095,2.87719,3.5739,4.12701,4.03133,2.6655,4.3266,3.9817,3.24049,2.79515,2.43988,17.88,20.38,17.28,5.09,8.11,7.34,5.36,6.92,6.81,5.85,5.68,6.86,7.64,5.2,6.66,6.25,5.92,6.73,7.55,6.57,13.87,13.06,13.68,9.4,6.59,8.69,6.81,7.04,8.22,7.9,7.19,8.19,8.78,8.04,7.66,7.81,9.35,8.94,6.7,9.27,7.02,7.42,9.7,7.14
Sspon.008A0000204,1.50293,0.118318,17.0338,120.008,112.558,0.606316,0.301226,1.0098,110.521,193.892,0.184816,0.24971,0.349194,1.37135,1.81951,1.77948,0.026294,0.021358,0.0,0.00572712,0.0975758,0.0309701,0.0,0.00692411,0.0299436,0.0540878,0.51705,0.25279,0.432295,0.0967321,1.39707,0.362546,0.60239,1.25806,1.05927,0.438619,0.611021,0.425049,4.48116,0.46845,0.168767,0.205554,0.479908,0.109843,0.134096,0.211789,0.322448,0.388828,0.051561,0.0402194,0.0767654,0.0,0.0,0.0,0.0,0.0,0.1,0.0,0.0,0.0,0.0,0.0,0.0,0.0,0.07,0.0,0.0,0.0,0.0,0.07,0.0,0.0,0.0,0.0,0.0,0.0,0.0,0.0,0.0,0.0,0.0,0.0,0.0,0.0,0.0,0.0,0.0,0.49,0.0,0.6,0.0,0.0,0.0,0.0,0.0,0.0
Sspon.008A0000205,2.44458,2.19619,6.30471,4.92574,9.38934,1.9244,1.85009,5.06763,5.93399,5.80904,1.97157,2.12523,1.83102,3.18617,2.44371,4.00717,3.64641,4.18282,4.34224,3.14988,4.55051,3.04881,2.36639,3.1063,4.52913,2.59809,3.78671,5.34947,4.27317,3.39621,3.95811,3.77236,5.27801,3.95279,5.04945,4.55443,4.20277,6.55965,5.78672,6.14599,3.91554,5.88694,5.51901,5.50371,5.08124,6.00706,4.51351,5.3469,5.8897,5.72964,3.60179,3.12698,16.43,12.58,15.14,2.97,3.2,3.91,3.5,3.36,3.65,3.17,3.8,4.04,4.12,3.71,4.81,4.43,3.82,4.33,6.45,4.93,13.04,9.58,10.76,7.46,7.27,9.6,5.89,5.42,6.6,3.76,4.54,5.26,3.69,3.6,4.02,2.73,4.19,4.44,2.93,3.7,4.12,3.03,3.77,3.95
Sspon.008A0000206,6.96808,7.45764,15.848,17.5264,17.8753,5.32572,4.87828,14.8667,14.6642,15.295,11.4792,11.254,10.407,19.1381,19.5079,17.3825,12.4466,11.6276,11.272,8.39825,8.17326,7.64718,7.14931,9.80255,7.63719,8.91928,10.3014,19.5899,12.593,15.378,9.54809,12.2797,14.1497,14.8927,17.0069,18.6698,17.8469,18.7763,20.3363,17.7646,18.1705,16.0038,22.1172,23.3007,22.8984,19.6773,19.0247,15.6619,14.9782,21.6429,14.8072,6.84145,19.02,14.88,19.31,6.67,11.25,14.59,9.38,4.03,11.29,4.66,4.33,9.75,9.37,5.24,12.7,10.15,10.53,9.35,14.09,10.12,21.83,24.58,26.49,19.7,23.02,26.82,19.96,14.58,23.03,11.85,10.82,21.2,12.09,10.4,16.33,12.06,9.59,14.46,10.79,9.25,13.57,4.98,7.68,10.02
Sspon.008A0000207,4.22641,4.00206,4.41764,7.14742,6.1317,2.93221,2.88525,2.67052,4.23163,5.06901,6.68476,6.52238,5.99687,5.94555,5.90938,5.67472,3.94183,4.02724,4.19358,4.64808,5.79438,4.82398,4.14198,4.51227,5.03461,5.26479,6.06989,4.78772,5.29248,4.08987,5.70043,5.79613,6.63901,5.61452,5.87939,6.44376,6.96012,5.48289,6.6739,7.20152,6.77235,4.5876,5.22156,4.63198,5.43661,5.64381,5.49095,6.33831,5.88364,3.88593,4.91616,5.62439,12.62,13.8,12.15,9.64,11.76,11.61,12.66,10.97,10.4,11.14,12.07,11.78,12.63,11.78,12.19,13.12,11.77,14.15,13.95,12.27,10.95,13.59,10.35,10.19,9.72,10.24,8.83,9.67,10.58,9.95,10.03,11.8,9.44,10.83,12.37,9.63,14.52,10.6,9.52,13.04,11.58,9.63,14.1,11.92
Sspon.008A0000208,6.57947,7.39734,18.3706,16.7327,18.357,3.06138,2.33172,6.87419,11.8017,11.6765,8.7969,9.84047,11.2407,14.8658,16.2417,15.0214,6.65233,10.6914,9.56003,7.3778,3.10905,3.45375,3.9973,3.96829,3.9493,6.23946,8.74407,16.0086,6.20476,4.70302,5.02273,8.75891,7.3731,9.0924,11.1204,10.3444,8.5448,16.6142,11.0115,12.6007,14.2685,21.3366,16.7001,16.5737,10.2859,10.8161,12.4963,11.6892,10.1498,4.26452,10.7008,4.88621,2.35,2.58,3.98,2.85,2.56,2.56,0.81,1.72,4.05,1.5,1.38,2.35,2.19,2.52,1.22,2.07,2.54,1.01,2.84,3.17,6.19,4.02,6.04,4.71,5.43,10.02,4.71,3.02,5.69,2.06,1.93,3.9,4.17,0.73,6.34,2.89,1.22,4.04,2.21,0.32,3.22,4.24,0.99,2.16
Sspon.008A0000209,4.43378,5.41395,10.8066,11.04,9.20686,3.58937,4.34973,10.6835,13.5662,15.1859,6.07955,6.42357,8.4328,12.0613,12.1582,10.1404,8.53055,6.62399,9.23514,5.66624,5.39982,6.11234,5.23994,7.36986,5.77782,6.06891,8.48899,12.4333,6.87862,7.91986,9.35057,8.6577,11.9131,8.35636,11.9943,15.3446,12.6237,10.7348,11.5037,12.8743,16.0933,12.552,12.9617,14.27,13.5228,13.9086,11.7502,16.3777,10.6675,10.9914,12.6936,6.99332,12.26,9.51,10.83,2.92,3.75,3.13,3.52,3.18,3.4,3.87,2.17,3.99,4.3,4.15,3.34,3.97,4.34,3.64,5.24,5.0,10.41,10.52,15.87,9.34,9.7,14.75,7.52,7.48,9.78,4.5,3.69,7.34,5.16,2.03,4.99,2.93,2.72,3.82,3.48,1.93,3.37,3.61,3.65,4.3
Sspon.008A0000210,4.10827,3.69639,10.1336,7.50546,13.0567,2.75551,2.99175,7.46945,7.85085,9.02045,3.41083,3.48538,3.2094,5.32575,4.67108,5.83092,4.43234,7.08084,5.66777,4.63308,5.95025,5.08495,4.84118,4.28372,3.78474,4.39582,5.15136,8.65809,4.83338,4.14784,5.13597,6.82581,8.71814,5.44519,5.98515,8.82678,6.70698,7.81305,11.1501,7.97803,6.92638,7.59812,9.30264,7.32587,7.5576,8.33239,6.91511,8.33234,7.69699,8.11209,6.13947,4.64182,16.43,12.58,15.14,2.97,3.2,3.91,3.5,3.36,3.65,3.17,3.8,4.04,4.12,3.71,4.81,4.43,3.82,4.33,6.45,4.93,13.04,9.58,10.76,7.46,7.27,9.6,5.89,5.42,6.6,3.76,4.54,5.26,3.69,3.6,4.02,2.73,4.19,4.44,2.93,3.7,4.12,3.03,3.77,3.95
Sspon.008A0000280,0.0,0.0,0.0,0.0,0.0,0.0,0.0,0.0,0.0,0.0,0.0,0.0,0.0,0.0,0.0,0.0,0.0,0.0,0.0,0.0,0.0,0.0,0.0,0.0,0.0,0.0,0.0,0.0,0.0,0.0,0.0,0.0,0.0,0.0,0.0,0.0,0.0,0.0,0.0,0.0,0.0,0.0,0.0,0.0,0.0,0.0,0.0,0.0,0.0,0.0,0.0,0.0,0.0,0.0,0.0,0.0,0.0,0.0,0.0,0.0,0.0,0.0,0.0,0.0,0.0,0.0,0.0,0.0,0.0,0.0,0.0,0.0,0.0,0.0,0.0,0.0,0.0,0.0,0.0,0.0,0.0,0.0,0.0,0.0,0.0,0.0,0.0,0.0,0.0,0.0,0.0,0.0,0.0,0.0,0.0,0.0
Sspon.008A0000290,6.23638,6.85651,16.992,17.4215,18.7484,4.72041,3.95212,9.84319,15.4785,14.0086,7.89293,10.9142,11.8581,18.1916,19.1092,17.7507,10.4623,10.3361,10.3327,5.7027,4.52418,6.47308,7.17003,9.50222,6.82451,6.8927,9.14216,19.6915,11.0585,12.7551,9.69044,13.0652,11.0273,13.9127,17.0431,11.8069,14.0172,18.4745,18.4654,15.3643,16.8191,22.5785,18.2766,19.3176,19.0397,17.1331,16.0168,14.6809,17.8746,21.1116,11.5911,4.95992,28.36,17.89,23.23,8.82,14.53,15.48,7.52,10.76,14.35,5.61,6.66,9.96,10.07,5.85,16.72,11.59,6.83,12.0,16.38,13.15,29.01,30.69,51.17,39.99,32.07,39.15,34.15,25.85,31.18,26.94,17.0,25.62,20.06,20.29,32.62,22.03,19.48,27.03,20.02,12.01,31.82,10.07,12.12,15.16
Sspon.008A0000300,0.0,0.0,0.0,0.0,0.0,0.0,0.0,0.0,0.0,0.0,0.0,0.0,0.0,0.0,0.0,0.0,0.0,0.0,0.0,0.0,0.0,0.0,0.0,0.0,0.0,0.0,0.0,0.0,0.0,0.0,0.0,0.0,0.0,0.0,0.0,0.0,0.0,0.0,0.0,0.0,0.0,0.0,0.0,0.0,0.0,0.0,0.0,0.0,0.0,0.0,0.0,0.0,0.89,0.27,0.06,0.18,0.32,1.0,0.13,0.04,0.86,0.12,0.06,0.9,0.1,0.18,0.29,0.05,0.0,0.19,0.04,0.05,0.33,0.36,0.28,1.19,0.64,0.28,0.51,0.39,0.78,0.47,0.32,0.59,0.3,0.17,0.91,0.4,0.21,0.47,0.31,0.41,0.94,0.13,0.34,0.56
Sspon.008A0000310,0.757762,0.857888,2.91934,1.60844,1.76324,0.689785,0.48495,2.34068,1.21846,1.94966,1.68078,1.37082,1.84297,2.07618,2.65118,2.51168,1.4436,1.23707,1.17302,1.01235,1.41944,0.862497,1.12669,1.55529,1.45012,1.69547,1.96926,1.07638,1.55177,1.47435,1.80866,1.81557,1.77374,2.50133,1.72789,1.34662,1.79233,0.784719,1.76102,1.90993,1.48703,1.63478,1.51559,1.67511,2.21496,1.7688,1.14124,1.625,1.78118,1.04663,1.75051,0.653007,8.16,9.51,9.48,2.66,3.06,3.66,3.4,2.57,2.29,2.98,2.42,2.81,3.28,2.93,3.34,3.44,2.97,3.34,3.48,3.4,6.06,6.46,6.62,3.78,3.93,4.44,3.63,3.18,3.59,3.76,3.5,2.85,2.7,2.45,3.24,2.91,3.46,3.3,2.97,3.12,3.31,2.56,3.75,3.21
Sspon.008A0000311,2.60359,4.57682,13.9711,16.9641,24.9749,4.28155,5.19253,20.156,14.3032,7.07412,7.9591,8.56348,6.47289,13.1813,14.6694,13.6943,2.51364,2.16013,3.13518,2.87644,2.96782,3.38202,2.12405,2.92858,1.72692,2.57659,3.30077,2.50815,3.20364,2.89573,2.00834,2.08857,2.01028,3.42524,1.34051,2.97429,1.8977,4.31937,2.35603,1.56968,2.4564,2.41485,2.55353,4.03184,1.36352,3.21019,3.48851,3.51822,2.56698,3.63682,3.43709,3.65444,45.92,33.26,40.91,1.29,6.41,5.44,8.59,3.63,4.24,5.48,3.81,4.72,9.23,6.44,7.52,10.08,6.45,13.89,14.96,8.47,49.94,43.54,80.0,53.29,33.88,72.14,18.04,19.73,28.58,10.24,14.11,26.14,10.72,13.78,13.75,8.63,4.89,15.72,6.59,7.95,12.3,5.56,5.29,6.68
Sspon.008A0000312,2.2486,1.90841,1.04038,1.51576,1.36398,2.53711,0.68108,0.909142,1.73226,1.93177,2.63088,2.40447,2.70085,2.59789,2.22684,3.01678,3.85947,3.47432,3.66256,2.446,2.54203,2.22731,2.66816,2.89436,3.06398,4.01379,4.33213,5.93142,4.83199,4.07877,4.25933,5.99142,7.69685,6.79069,4.891,6.94159,6.75853,5.81372,5.87109,6.42635,6.04841,7.61924,5.54564,6.18626,7.24634,6.3933,5.01477,5.45833,4.49285,5.21132,2.82022,2.47447,1.78,4.87,3.44,7.83,4.98,9.79,2.52,8.54,7.73,4.07,2.36,10.09,5.02,10.22,0.02,3.93,7.98,7.23,4.44,4.96,4.81,2.22,4.81,4.38,4.69,5.0,7.76,4.41,7.42,12.25,7.66,7.82,11.39,7.23,11.68,9.64,9.22,7.95,12.21,6.05,16.29,5.73,8.16,13.26
Sspon.008A0000313,2.60767,2.5008,4.36066,6.19444,5.07516,4.80095,2.27945,5.48656,6.10802,5.02735,4.61919,6.61654,7.02526,6.96047,6.44885,7.05899,3.03868,3.12297,2.7808,4.12178,4.30182,3.46943,6.06268,3.85906,4.30701,5.99951,5.2684,5.82456,5.45496,5.72858,7.25075,6.92154,8.86274,9.58429,11.0415,12.0137,9.02822,5.04455,7.58177,7.56652,7.37106,7.32552,8.24985,7.01162,6.84161,5.79773,6.84306,4.659,4.68999,5.12,4.08298,3.77105,13.21,9.24,12.79,8.79,8.05,17.52,8.54,8.66,12.75,8.16,5.89,12.44,10.56,6.06,14.39,10.79,13.86,15.48,14.95,11.53,16.95,13.07,15.07,18.53,17.75,22.62,23.22,14.33,20.85,19.39,12.5,17.4,16.02,13.96,23.19,18.41,9.29,24.27,18.12,11.83,24.19,8.95,6.32,14.89
Sspon.008A0000314,4.20888,3.51913,3.83496,2.70494,3.34861,2.51499,1.69502,1.92713,1.96914,1.83484,3.11936,2.44149,3.32269,5.85221,5.62684,5.95255,2.78689,2.76593,2.03824,1.16725,2.02712,2.06965,2.25422,2.03291,2.1686,2.76667,2.87067,2.33928,3.40981,1.97224,3.00099,3.79561,4.99424,3.09385,2.99386,3.99879,4.06358,2.74424,2.57931,3.81115,3.02215,2.52201,2.91278,2.11345,3.09893,4.04742,2.83301,3.78762,3.3938,3.02496,3.1798,1.24305,14.93,17.62,15.09,6.46,7.78,9.2,8.01,7.54,7.75,8.21,8.36,7.06,9.16,7.17,7.11,8.52,7.15,7.09,8.94,8.24,13.48,14.58,11.13,12.21,13.43,10.62,12.19,14.4,15.17,13.81,14.02,14.31,11.83,11.74,14.45,11.0,10.46,14.27,9.07,9.85,11.87,9.91,10.69,10.52
Sspon.008A0000315,9.92177,8.24822,0.793733,1.44823,1.81032,4.53789,4.08977,0.249704,1.22832,1.25087,12.7531,11.6155,10.1325,5.93936,5.33384,5.03978,15.224,11.3529,12.1256,9.66344,11.3895,13.1098,6.39073,11.0298,8.94633,12.829,9.21026,13.1805,9.95489,6.23851,7.18951,10.7266,12.2222,8.66392,9.15666,11.1213,12.8033,13.1465,13.8057,15.2252,19.1731,15.2047,10.4599,16.7987,15.668,22.8715,16.5796,21.9462,18.3038,11.7062,14.3977,9.22603,0.0,0.0,0.0,0.0,0.0,0.0,0.0,0.0,0.0,0.0,0.0,0.0,0.16,0.0,0.0,0.0,0.0,0.0,0.0,0.0,0.0,0.0,0.0,0.0,0.16,0.0,0.3,0.0,0.16,0.0,0.0,0.0,0.0,0.18,0.0,0.0,0.0,0.0,0.0,0.0,0.0,0.0,0.0,0.0
Sspon.008A0000316,10.1257,8.37375,20.0881,24.8774,14.8418,1.86709,8.50961,11.7696,24.691,19.3729,6.08665,8.42089,6.11612,28.3177,21.3829,30.4543,8.88552,9.89758,7.719,5.12356,5.84709,3.94134,4.83836,5.07571,4.01078,5.32685,7.44458,19.2375,8.79842,9.94725,8.14727,9.74046,14.4653,9.4377,14.2876,14.5308,11.475,15.4103,19.0678,16.1085,10.1069,14.4969,19.2986,11.5248,14.0972,15.6549,10.1776,12.5917,12.642,9.95234,8.91679,3.24607,8.61,9.6,9.4,3.29,2.86,2.57,3.53,2.21,2.4,2.87,2.06,2.96,2.84,2.18,2.39,1.23,2.15,2.6,2.64,3.89,10.09,11.23,10.22,11.84,9.55,11.01,10.09,8.75,10.75,11.18,6.56,7.93,4.57,4.9,10.27,5.25,4.63,8.32,4.01,3.95,7.12,4.3,2.94,3.08
Sspon.008A0000317,1.68154,2.03037,4.56767,4.38468,4.16815,1.6928,1.16305,3.3956,3.46697,3.35302,2.89246,3.07161,2.63547,6.58524,5.06947,5.70757,2.28762,2.34048,2.44202,1.72077,2.33314,1.51748,2.06291,2.17927,2.11528,2.27661,3.10028,3.34637,2.92277,3.12197,3.47427,2.95541,3.13685,2.73498,3.31207,3.77575,3.68271,3.75631,2.97666,3.48102,3.08754,3.69277,3.04145,3.33255,2.83002,3.41694,2.1753,3.76293,3.01664,3.37744,2.19325,1.8853,8.43,9.15,10.52,2.75,2.63,2.22,3.54,2.35,2.39,3.11,3.31,2.63,2.76,2.91,2.29,3.52,2.72,2.49,3.38,3.12,6.45,7.17,6.6,3.3,5.25,4.9,3.71,3.46,3.36,2.71,2.18,2.96,1.48,1.61,2.64,2.01,2.07,2.33,2.42,0.72,2.95,2.09,2.96,2.68
Sspon.008A0000318,9.84624,9.29117,29.6332,26.8646,29.5134,5.24701,4.09019,16.581,16.5132,16.4627,14.4831,16.3193,16.5408,27.8037,25.4785,23.9287,13.458,16.9275,14.6488,11.2586,9.5216,8.73347,10.6729,10.958,10.9634,9.50196,13.1784,27.8229,13.8503,16.2374,13.3571,19.7466,15.1675,20.347,20.8502,19.8372,18.8849,23.7329,21.5444,22.6378,27.0427,34.5047,25.1034,24.6535,24.0396,21.6762,23.5804,20.5211,22.1275,18.8872,17.2529,8.97124,97.51,84.14,83.29,44.88,43.84,62.16,39.56,34.23,53.95,39.84,35.63,54.73,38.27,37.58,45.0,41.38,36.56,53.15,47.98,48.23,142.99,130.32,132.09,147.94,115.22,167.77,123.95,111.59,151.34,114.85,98.33,142.05,93.4,71.9,125.61,83.18,70.31,113.41,69.88,62.64,98.87,37.72,47.62,75.16
Sspon.008A0000319,4.03342,3.69907,10.5265,8.29783,14.1639,3.33846,3.40535,8.19458,9.09267,9.10956,3.98217,4.05123,3.86563,6.20466,6.10816,6.55285,6.65155,7.77781,7.01095,6.13542,8.01575,6.07406,6.4599,5.00869,4.96799,5.25217,6.20159,9.46774,6.94903,4.36733,5.84658,7.5198,10.5941,6.10073,7.90686,9.57623,7.97457,9.99619,12.5793,10.5171,7.90221,8.6438,11.2823,8.65157,9.11376,10.5326,8.84754,9.73756,8.89584,8.65912,7.33252,5.39536,15.52,13.7,12.69,3.56,4.47,5.09,3.9,3.64,5.16,5.01,3.82,5.55,5.07,5.05,6.75,5.82,5.41,7.59,7.75,6.92,15.14,9.14,13.5,8.31,6.23,8.29,5.96,6.68,6.38,5.85,5.57,6.15,4.43,5.57,5.9,5.37,5.86,5.97,3.76,6.03,4.92,3.32,4.02,5.2
Sspon.008A0000320,15.2468,15.5191,29.9269,31.5771,28.4155,7.43128,5.08961,18.3317,21.8672,24.9913,12.0174,9.48233,13.2154,35.5479,38.9509,37.2928,6.58862,9.84485,8.56791,5.54754,8.23896,5.07453,4.44201,5.51493,6.17906,6.5616,9.49498,16.6305,6.48864,9.80423,9.51579,11.6595,14.6572,11.2062,13.4405,14.2082,14.5784,14.0411,19.9046,20.9621,14.5223,19.5279,20.6896,17.5493,16.1157,16.2589,11.3193,14.8085,13.2053,14.8811,8.47941,5.17489,27.22,29.83,33.36,8.67,9.11,11.43,8.31,9.61,12.69,8.36,7.2,12.63,9.08,7.19,8.73,10.08,7.4,11.56,12.37,8.19,33.74,34.01,36.58,34.29,32.02,30.58,33.31,23.28,33.12,24.7,21.83,30.14,16.92,16.42,23.42,14.73,11.36,21.35,15.28,8.38,21.36,10.16,12.15,17.32
Sspon.008A0000321,14.2509,11.7478,1.10705,1.96811,2.60099,8.85126,8.40508,0.472569,2.72331,2.69535,16.1865,13.5663,16.3048,7.91051,5.2957,7.68974,28.3463,23.6943,23.813,20.5319,20.5968,24.2622,13.8244,20.2727,16.7883,22.8326,19.3754,28.3313,21.5998,16.2854,14.2102,20.9355,22.8997,20.0571,19.4315,22.3529,23.3204,23.7841,27.7917,31.2288,34.4724,27.9519,27.5725,29.2863,32.7768,39.2119,32.8941,37.3613,37.1685,21.5859,29.1093,18.8817,0.83,9.72,8.39,15.32,10.84,20.0,27.94,6.93,11.72,14.84,0.0,0.0,0.0,8.3,4.05,10.65,1.02,0.0,7.24,1.25,1.82,7.33,8.17,26.59,18.15,7.7,13.63,0.0,14.28,6.07,0.0,0.0,2.14,0.0,9.73,0.0,0.0,2.21,0.0,3.47,0.0,14.17,10.51,16.82
Sspon.008A0000400,2.8953,3.22871,2.2176,1.77886,3.31683,2.39049,0.876498,0.961767,1.02778,0.889185,2.86136,1.71464,1.81934,4.59519,3.78006,4.90034,2.19538,2.21723,1.99701,1.02115,1.93726,1.53467,1.01816,2.87959,1.77246,2.94918,3.29215,2.45545,3.39826,2.41633,2.42723,2.7397,5.21184,2.76388,2.94346,4.82671,3.90038,2.73363,3.31263,6.35525,3.32023,3.19786,1.87064,3.01473,3.38786,4.60358,3.43972,4.91809,4.01435,1.50758,3.90851,1.10421,8.24,9.66,9.39,3.74,4.84,5.03,4.18,4.07,4.71,5.05,4.68,4.37,5.58,4.27,4.41,5.52,4.08,4.29,4.42,3.8,6.78,6.76,5.08,6.53,7.55,5.38,6.1,6.57,7.96,8.11,8.44,8.75,6.0,7.62,8.51,5.02,6.6,8.26,5.21,5.65,7.61,5.85,6.52,6.37
Sspon.008A0000401,1.09602,1.88819,1.41701,0.858425,0.890057,0.0,0.396185,0.194647,0.129285,0.152882,2.20374,1.24031,1.96123,2.67783,2.54456,3.3452,0.793327,0.652838,0.408502,0.107464,0.831628,0.61175,0.677285,1.14989,0.746232,0.978605,0.931311,0.35028,0.359439,0.786323,0.354308,0.869499,0.719318,0.440444,0.376039,0.139743,0.677971,0.639226,0.907308,0.500044,0.774514,1.15158,0.383646,0.201206,0.969749,0.677119,0.549302,0.843088,1.02391,0.705681,0.667088,0.253278,0.77,1.18,1.02,0.3,0.53,0.55,0.65,0.55,0.33,0.63,0.19,0.23,0.77,0.49,0.48,0.65,0.14,0.32,0.38,0.46,0.63,0.82,0.89,0.08,0.55,0.54,0.63,0.88,0.85,0.53,0.8,1.05,0.44,0.5,0.8,0.22,0.34,0.45,0.23,0.25,0.63,0.62,0.76,0.51
Sspon.008A0000402,11.4816,9.64367,19.2378,24.1486,19.1194,6.74313,2.74403,18.1141,18.5718,19.4285,9.22966,7.26264,11.4796,23.1614,27.8572,25.2172,2.62464,7.04803,5.03123,3.57146,5.3223,3.61877,3.50532,2.62492,2.94058,3.29547,8.15111,12.6257,5.13039,5.41739,7.96931,9.85167,10.111,8.45889,10.5753,11.6497,12.4208,10.9047,13.7418,9.25844,10.8064,8.23887,13.0819,8.40526,12.1595,14.4844,9.82653,11.8931,7.89473,6.15326,8.87428,4.61937,73.78,72.19,62.53,15.44,25.51,31.34,17.72,15.9,25.1,19.33,20.74,22.29,23.46,19.95,26.15,27.27,24.8,25.9,32.97,24.64,76.47,87.71,75.87,71.33,64.64,73.96,58.85,60.86,74.45,54.09,51.96,74.21,48.31,39.82,64.25,36.66,38.21,59.67,33.88,31.09,48.39,19.74,27.76,39.42
Sspon.008A0000403,0.0,0.0,0.0,0.0,0.0,0.0,0.0,0.0,0.0,0.0,0.0,0.0,0.0,0.0,0.0,0.0,0.0,0.0,0.0,0.0,0.0,0.0,0.0,0.0,0.0,0.0,0.0,0.0,0.0,0.0,0.0,0.0,0.0,0.0,0.0,0.0,0.0,0.0,0.0,0.0,0.0,0.0,0.0,0.0,0.0,0.0,0.0,0.0,0.0,0.0,0.0,0.0,0.0,0.0,0.0,0.0,0.0,0.0,0.0,0.0,0.0,0.0,0.0,0.0,0.0,0.0,0.0,0.0,0.0,0.0,0.0,0.0,0.0,0.0,0.0,0.0,0.0,0.0,0.0,0.0,0.0,0.0,0.0,0.0,0.0,0.0,0.0,0.0,0.0,0.0,0.0,0.0,0.0,0.0,0.0,0.0
Sspon.008A0000404,0.0,0.0,0.0,0.0825799,0.0,0.0,0.0,0.0,0.0,0.0,0.0,0.0,0.0,0.0,0.0,0.0,0.0,0.0,0.0,0.0,0.0,0.0,0.0,0.0,0.0,0.0,0.0,0.0,0.0,0.0,0.0,0.0,0.0,0.0,0.0,0.0,0.0,0.0,0.0,0.0,0.0,0.0,0.0,0.0,0.0,0.0,0.0,0.0,0.0,0.0,0.0,0.0,0.0,0.0,0.0,0.0,0.0,0.0,0.0,0.0,0.0,0.0,0.0,0.0,0.0,0.0,0.0,0.0,0.0,0.04,0.0,0.0,0.0,0.0,0.0,0.0,0.0,0.0,0.0,0.0,0.15,0.0,0.0,0.0,0.04,0.0,0.04,0.0,0.0,0.09,0.04,0.04,0.0,0.0,0.0,0.0
Sspon.008A0000430,11.678,10.8951,15.4738,14.3735,16.8976,3.82696,0.698788,10.1147,8.17493,6.58194,5.8565,5.54189,6.40856,6.25906,7.08399,8.51723,1.67117,6.17533,4.70353,2.30999,3.4178,3.00553,4.69836,3.73059,2.67857,2.74066,2.83427,3.69382,4.82944,1.51394,4.67018,3.20439,3.20606,1.54299,3.43189,4.21355,3.77481,6.34728,3.70535,5.46526,4.28438,6.88908,7.33228,4.08232,6.73836,7.20865,6.5192,6.85808,5.33072,5.78394,4.65318,2.08181,0.0,0.0,0.0,0.0,0.0,0.0,0.3,0.0,0.0,0.0,0.0,0.0,0.0,0.0,0.0,0.0,0.0,0.0,0.0,0.0,0.0,0.0,0.0,0.0,0.0,0.0,0.0,0.0,0.0,0.0,0.0,0.0,0.0,0.0,0.0,0.0,0.0,0.0,0.0,0.0,0.0,0.0,0.0,0.0
Sspon.008A0000431,5.13251,4.00629,8.38483,7.89818,8.28029,2.95778,3.11441,5.22885,7.4808,4.47194,4.33011,4.68717,4.91715,6.39495,7.88151,6.00734,4.24208,5.15529,4.48789,2.81205,3.07032,2.23412,3.26568,3.81038,3.84695,2.74475,3.89248,5.64623,4.27845,4.43122,3.90543,5.20705,4.50711,4.3958,4.40452,4.31261,6.41515,7.1218,7.28036,5.76344,4.96927,5.73117,7.09623,5.47674,6.35224,6.89194,4.70046,4.76654,6.90759,5.84731,3.74387,3.97087,8.43,6.35,6.76,1.84,2.61,3.53,1.24,1.58,2.37,2.29,1.66,2.76,1.75,1.97,2.82,1.67,1.33,2.41,3.09,1.73,6.69,5.7,6.65,5.93,3.55,6.38,5.57,4.03,6.16,3.93,4.02,6.2,3.8,3.1,4.62,3.39,2.68,4.54,3.07,2.21,5.55,1.16,2.4,2.81
Sspon.008A0000432,2.82717,2.19854,10.1735,7.01712,7.43112,2.78618,0.590549,7.8929,10.076,11.0715,0.912365,1.76307,0.867725,3.69589,4.05693,3.49571,0.453251,0.607519,0.267385,0.741352,0.650044,0.370966,2.04007,1.58959,2.20961,1.80917,1.34237,1.50209,1.21231,0.841162,1.65763,1.48464,1.27746,1.15539,0.929497,0.946166,0.990657,1.34424,2.75906,1.57372,0.917398,0.897381,1.70728,1.21545,0.976162,0.842446,1.49939,1.52358,1.06813,0.872777,0.510256,0.291665,7.0,6.01,5.65,0.82,0.64,1.05,0.54,0.75,1.08,1.1,0.89,0.66,1.7,1.2,1.31,1.63,1.42,0.54,1.89,1.51,6.44,7.1,6.0,4.09,5.68,7.37,3.51,4.75,5.24,2.3,3.58,4.66,1.98,1.48,2.8,1.23,1.23,2.38,0.59,0.86,1.8,0.79,0.95,0.7
Sspon.008A0000433,26.5173,22.3445,22.4612,21.6463,27.2248,9.6994,7.77961,14.4488,21.4694,18.8571,13.7304,16.1363,13.5574,18.608,18.093,20.6027,6.92954,12.276,14.6403,9.83409,10.4763,5.78301,6.58373,6.08615,8.93014,8.53549,10.7349,18.403,12.8324,10.6638,10.471,10.8698,10.3849,11.03,9.15083,8.07579,12.4248,18.072,15.6665,15.2577,14.2844,12.3165,27.8117,12.947,17.9559,13.5433,16.1796,11.258,16.5778,12.4412,10.5202,8.77299,41.04,37.98,42.02,13.67,17.97,19.46,16.89,18.67,18.24,19.26,19.6,17.81,23.63,18.45,20.41,21.44,18.95,21.35,21.52,28.54,29.88,25.97,29.44,21.53,19.06,22.51,20.51,22.51,18.68,19.53,19.34,18.05,18.36,21.79,19.08,17.57,26.66,19.13,15.62,23.48,17.29,16.66,18.22,22.66
Sspon.008A0000434,3.16832,3.62415,0.919214,2.01856,1.64382,1.85246,1.13855,0.431366,2.07349,3.11967,2.76653,2.9511,2.4025,1.42924,0.965554,1.04778,4.05743,4.34546,4.19656,2.97912,3.90414,3.24508,1.58182,2.64451,2.60919,3.12219,3.08113,5.83604,2.51113,2.63138,2.7933,2.42498,2.08855,3.31322,3.40836,2.56093,3.13518,4.88351,4.41478,4.18776,5.29312,3.93908,4.4331,5.47443,5.45209,4.7692,4.81575,4.80849,6.7788,5.45977,3.59865,3.4899,0.48,0.64,0.34,5.84,6.39,4.9,5.42,5.18,4.89,6.61,5.75,5.87,5.34,4.88,5.33,6.6,6.2,6.21,6.72,6.37,1.23,1.58,0.91,2.9,2.14,1.39,4.11,2.91,2.63,4.22,3.42,4.03,3.96,4.18,4.3,5.31,3.18,4.86,4.61,4.51,4.56,4.32,6.95,4.89
Sspon.008A0000460,0.977364,1.14604,0.983933,0.799391,1.29386,1.62e-06,1.25e-07,2.06e-06,6.91e-07,0.434457,1.03882,0.599815,0.659104,1.14905,0.922882,1.61954,0.126107,1.3e-07,0.211441,0.198621,7.44e-07,1.29e-06,8.23e-05,0.0914358,0.202204,1.18e-06,0.46143,0.152202,0.122469,1.37e-06,0.0975031,0.158189,0.282017,0.109623,4.78e-07,0.27605,1.04e-06,0.5337,0.508991,7.83e-07,0.395074,1.05e-06,0.105149,1.16e-06,0.186933,0.279777,0.167755,0.220161,0.12367,0.30184,0.254924,0.256874,3.03,2.63,1.95,2.85,1.86,1.79,2.3,1.59,2.14,2.1,1.08,1.09,2.78,2.15,2.95,2.35,1.57,1.99,1.98,3.32,2.71,1.94,1.55,2.43,1.71,2.06,2.78,1.36,2.49,0.93,1.74,1.7,3.19,2.2,2.95,2.06,2.16,1.95,3.25,2.25,2.2,2.2,1.12,3.14
Sspon.008A0000461,9.43196,10.4115,7.26792,8.75664,11.8975,2.4852,2.44239,5.96989,6.41923,5.25751,4.95199,4.22834,5.32297,7.5946,6.85062,7.74197,6.29029,5.31218,5.3388,3.53719,3.76285,2.86888,3.74562,3.65345,3.64202,4.28804,4.65529,8.82129,4.8726,6.26973,5.39235,7.40201,8.74183,6.54981,10.0207,15.6841,10.2591,11.0772,11.8377,13.6614,12.8736,10.8583,8.86573,8.8584,10.8449,9.48663,11.2308,9.28021,10.3298,6.44309,7.94283,4.3232,14.29,11.13,12.52,5.01,5.3,8.69,4.49,5.99,7.21,5.78,5.23,6.15,5.92,5.12,6.54,5.19,5.56,6.6,7.25,7.28,13.6,10.13,9.92,12.83,9.41,11.58,15.24,11.16,11.43,14.48,11.54,12.11,12.43,11.06,15.06,11.48,12.29,14.63,9.55,10.99,13.5,7.78,6.44,11.14
Sspon.008A0000480,14.6145,22.959,16.579,16.4157,31.2019,16.2364,14.2266,0.0,15.5718,16.0121,20.0642,23.2449,18.4258,12.8992,20.8288,17.627,8.71875,14.7002,6.72499,8.90479,10.14,9.23519,3.19835,3.93943,3.68985,1.87978,4.17987,10.3264,10.6679,12.4153,8.18902,7.58478,8.78049,4.96054,1.87193,5.7845,6.94667,10.3741,12.8224,5.04524,1.17463,3.88729,7.43664,5.96002,10.4781,10.5779,6.38199,10.8349,8.85198,1.92688,5.58728,2.65327,8.19,11.65,10.38,6.09,10.93,6.76,9.62,8.22,9.89,8.54,11.69,6.75,10.36,10.16,7.11,6.96,6.73,10.36,9.51,8.72,9.68,10.35,13.87,9.0,5.91,10.68,8.33,5.85,5.62,6.74,8.69,10.57,7.31,7.41,9.48,7.75,10.19,7.77,5.28,6.06,4.55,7.6,15.06,5.29
Sspon.008A0000481,11.3923,10.385,9.24216,10.9809,11.4833,10.768,13.2685,7.02964,9.96622,10.6668,12.2234,12.1301,9.65335,9.38073,9.30948,9.95861,8.02966,9.17088,6.98815,6.70261,8.55022,6.93093,6.38554,7.16401,6.86544,6.69178,7.78316,9.54389,8.03664,7.7152,9.05383,7.23753,7.14089,7.51261,6.18707,5.26041,9.03295,8.74068,8.44839,9.86518,8.00808,9.43024,10.2765,8.96872,8.4032,10.0149,8.6376,9.10395,9.05342,8.98154,6.90827,6.15025,7.51,8.81,7.43,3.76,4.86,4.73,4.55,4.81,4.68,5.35,5.5,4.87,5.73,5.96,5.22,5.28,5.01,6.11,5.27,5.48,7.49,7.1,6.44,5.83,4.82,6.11,5.01,3.82,5.05,4.07,4.34,5.17,3.58,4.46,5.88,4.01,5.85,4.62,4.21,5.01,4.63,4.5,5.79,4.34
Sspon.008A0000500,0.890471,0.808742,0.68366,0.854668,0.223929,0.0,0.0,0.0,0.0,1.65802,0.451817,1.9176,0.959765,1.97946,1.44855,0.733068,1.14632,2.24805,1.44921,0.35264,0.677103,0.0,0.19449,0.670155,1.41374,1.75055,2.50716,0.978237,3.77218,0.0,0.0,1.05015,0.0,1.96948,0.894838,0.474104,2.13635,1.03118,0.221527,0.0,0.136641,1.07439,1.97542,1.348,1.40138,0.362589,0.259274,1.51616,0.864042,1.33941,0.747257,0.0,0.0,0.41,0.51,0.25,0.26,0.26,0.92,0.71,0.75,0.83,0.41,0.0,1.8,1.09,0.0,1.05,1.52,0.0,0.34,0.51,0.0,0.0,0.0,0.0,0.0,0.67,0.39,0.17,0.0,0.0,0.0,0.0,1.31,0.0,0.31,0.71,0.0,0.52,0.0,0.0,0.36,0.0,0.33,0.72
Sspon.008A0000510,20.1109,20.9897,10.147,15.0509,9.61541,26.157,20.3229,6.4369,5.47304,8.13161,18.1747,15.1582,13.7358,6.28164,7.42331,6.69046,13.9317,15.5385,14.5388,22.012,27.2752,25.701,12.0948,9.8946,10.2274,9.67871,9.42837,14.5112,8.21725,7.25378,10.4391,4.11547,5.18138,4.98583,6.20772,7.50693,6.74499,10.9449,10.3545,9.78172,9.01265,9.31991,11.6432,10.7793,13.3182,10.1635,9.07266,9.19377,10.0395,12.4255,14.6294,23.5118,6.43,10.05,6.77,14.77,23.66,11.49,18.22,16.82,11.09,18.74,18.88,11.69,17.06,17.49,13.37,15.6,14.75,12.41,15.14,9.43,5.8,11.02,8.31,8.88,16.38,8.29,8.67,19.0,6.92,18.9,24.47,12.07,10.54,26.65,12.6,11.07,21.6,9.85,13.34,20.76,10.04,17.66,21.67,7.5
Sspon.008A0000511,4.07847,3.45562,2.01535,1.81995,1.77757,4.0812,0.0,2.29254,0.0,3.40272,0.430118,0.0,0.155919,0.0,0.0,0.223371,0.259549,4.74838,0.180718,0.216133,1.51705,1.06273,0.595264,0.568283,1.69558,1.83565,1.11799,2.40566,0.875277,2.88027,2.74741,0.749612,0.782473,1.6267,0.521533,2.44651,1.12944,0.0,2.13829,3.00865,0.463708,2.19093,3.4747,1.85774,1.71409,0.646565,0.440264,2.03788,2.37773,0.273085,1.64859,0.284713,0.0,0.0,0.0,0.0,0.59,0.2,0.0,0.22,0.19,0.4,0.28,0.0,0.0,0.43,0.0,0.52,0.68,0.74,0.8,0.49,0.25,0.0,0.0,0.0,0.0,0.0,0.0,0.24,0.0,0.91,0.65,0.0,0.66,0.0,1.53,0.0,0.52,0.28,0.31,0.34,1.28,0.19,1.07,0.25
Sspon.008A0000530,1.42834,1.19354,1.51564,1.38163,1.79636,0.371672,0.0,0.742163,0.607612,1.32927,0.642153,0.618159,1.02813,0.883309,0.92182,1.11335,0.393753,0.312025,0.369109,0.190367,0.628303,0.135503,0.510318,0.613526,0.288393,0.54829,0.476129,1.01403,0.527099,0.23347,0.620438,0.328041,0.213308,0.330057,0.545286,0.109047,0.682888,1.0469,0.745538,0.802694,0.530282,0.968048,0.419058,0.530529,0.823816,0.840645,0.820844,0.606724,1.30752,0.772383,0.314027,0.336391,32.04,28.85,31.07,10.05,11.63,14.13,13.79,11.88,13.38,12.25,12.94,13.2,13.96,12.82,14.92,15.27,14.42,14.57,16.7,15.45,22.84,20.14,23.56,16.62,15.65,13.07,14.71,15.49,16.7,13.66,17.77,15.7,13.12,18.64,14.26,11.88,19.19,15.3,11.92,16.87,14.75,11.93,14.05,13.83
Sspon.008A0000531,1.48157,1.71384,10.392,6.90105,6.19697,1.49896,1.24849,11.6588,9.35648,7.62019,1.12391,0.857169,0.592607,2.60042,2.69909,2.38947,0.219259,0.455538,0.798226,0.492381,0.927719,0.710973,1.66982,2.05194,1.57067,0.831161,0.803245,1.72651,0.837054,0.577407,1.43993,0.905065,0.655061,1.57502,1.54595,0.603578,1.02518,1.18508,1.52054,0.895938,0.693774,0.736858,1.40822,1.20112,2.42619,1.26804,1.30877,0.981013,1.02123,0.878499,0.516409,0.358062,4.86,4.01,5.35,0.5,0.96,0.41,1.02,0.0,0.0,0.61,0.19,0.28,1.1,0.0,0.28,1.05,0.56,1.01,1.47,1.77,3.21,2.81,3.71,3.5,3.42,5.56,2.73,2.62,4.02,0.85,1.33,2.6,0.0,0.99,1.82,0.53,0.77,1.17,0.68,0.64,0.84,0.22,0.28,0.9
Sspon.008A0000532,4.03343,3.03585,6.84267,6.03321,5.83994,2.3653,2.15531,5.4053,5.37612,4.10148,2.62804,3.18063,2.98897,5.24211,4.6346,4.94702,3.28228,4.45346,4.6213,2.78047,2.96179,2.02894,2.89625,3.66934,3.21655,2.20817,2.79303,5.88083,3.07106,3.8515,4.25846,4.81887,4.90532,3.86243,3.92966,5.09801,4.26015,5.56459,6.79282,4.86792,5.05421,5.96602,6.65514,4.93326,5.46896,6.39065,4.6906,5.98826,4.87102,6.33759,3.51097,3.02538,6.07,7.18,11.49,2.56,3.47,4.09,3.23,3.23,3.41,2.39,2.79,1.53,2.84,3.94,2.72,3.28,4.0,3.67,4.8,6.84,8.89,8.41,9.59,6.78,5.17,8.58,6.41,4.52,5.43,4.76,3.01,6.59,5.8,4.06,7.92,4.88,5.34,5.69,4.31,4.38,3.49,2.15,2.04,6.33
Sspon.008A0000533,2.70321,2.09125,0.672227,1.50967,1.52101,1.65613,1.98813,0.407507,1.80563,2.90091,2.10348,3.15238,1.99493,1.13474,0.78371,1.23884,2.93398,2.03533,2.96036,1.99519,2.2111,2.08845,2.09094,1.85264,1.91337,2.22844,2.76755,3.04701,1.97996,1.43045,1.7727,1.96618,1.75847,2.18563,1.73872,1.98443,2.28654,3.6769,3.37259,2.3892,3.17895,3.74376,2.71272,2.67405,2.93945,4.04295,2.30192,2.86226,3.49266,2.98602,2.71387,1.75715,0.25,0.0,0.3,1.38,1.56,1.09,1.98,1.89,1.1,1.56,2.29,1.37,2.11,2.05,1.45,2.23,2.06,1.7,2.59,2.07,0.23,0.28,0.38,1.02,1.11,0.66,1.03,1.31,0.56,1.35,1.13,1.67,1.15,1.13,1.68,1.18,1.24,1.62,1.2,1.05,0.85,0.89,1.76,1.73
Sspon.008A0000540,0.80988,0.856572,1.26536,0.525575,0.93422,0.53443,1.75e-06,0.64347,0.234198,0.498757,0.643829,0.555058,0.572727,0.745438,0.922423,0.714254,0.209518,0.155093,7.24e-08,0.140653,1e-07,0.086576,0.0885419,0.236119,0.196473,3.98e-08,6.69e-08,0.41556,0.166546,0.16321,0.585985,0.0866687,0.116652,0.365293,0.0902983,0.106826,0.144799,0.027924,0.217636,0.230506,0.48515,0.0396621,0.0728109,0.11839,0.0445096,0.406886,0.157692,0.331544,0.0925958,0.178352,0.136981,0.263456,0.67,0.67,0.47,0.3,0.18,0.22,0.43,0.04,0.43,0.4,0.09,0.27,0.37,0.36,0.69,0.16,0.49,0.67,0.72,0.64,0.91,0.64,0.88,0.31,0.53,0.33,0.14,0.43,0.07,0.05,0.3,0.32,0.67,0.59,0.39,0.13,0.47,0.41,0.34,0.94,0.06,0.43,0.39,0.57
Sspon.008A0000541,2.69537,2.3264,2.37715,2.39682,4.14841,0.585769,0.368865,1.17561,1.82346,2.32586,1.76284,1.53264,1.7147,2.36468,2.7809,2.15871,1.621,1.34802,1.13293,0.642455,1.36862,1.07414,0.821003,1.13696,0.82953,1.17246,1.25863,2.37867,1.09992,1.32354,1.11895,2.32154,3.16853,1.30934,2.7441,4.02016,2.48724,3.21879,2.91699,4.08451,3.29287,3.08381,2.2668,2.63112,1.7206,2.19316,2.09545,2.31285,2.31658,1.12805,1.88107,1.06031,0.0,0.23,0.0,0.59,0.0,0.51,0.0,0.0,0.3,0.16,0.0,0.3,0.0,0.0,0.0,0.11,0.0,0.83,0.0,0.43,0.0,0.0,0.79,0.0,0.41,0.0,0.0,0.0,0.0,0.65,0.0,0.0,0.25,0.39,0.72,0.0,0.08,0.0,0.0,0.0,0.0,0.0,0.57,0.0
Sspon.008A0000560,13.0209,12.7868,10.3784,13.5426,14.1073,14.1349,14.7935,11.1554,15.1983,14.0782,13.6648,13.8352,12.3668,10.657,11.3812,11.1343,11.1355,13.9656,10.6099,9.7684,12.798,9.45058,9.32048,9.20575,9.62908,9.93128,11.5543,13.9833,11.6211,10.9908,12.5182,10.0172,10.6189,10.8478,9.2191,7.82049,11.8189,13.4416,13.4064,13.2183,12.3193,13.028,15.2009,12.147,13.5137,14.7581,12.6522,14.0427,13.5676,12.7665,10.0865,8.89897,23.74,23.36,23.82,13.33,18.29,14.94,17.17,19.32,15.59,17.5,17.93,16.86,20.49,16.7,18.12,18.26,17.32,19.16,18.99,18.36,23.46,20.51,23.33,19.1,16.08,19.95,17.26,14.2,17.45,15.84,14.86,19.06,13.17,15.46,16.7,12.42,20.3,15.49,11.85,18.93,15.01,17.35,20.19,13.68
Sspon.008A0000561,22.65,21.7833,11.913,18.7532,10.1121,27.9597,22.8937,7.69348,4.66229,6.66061,21.7606,18.4782,16.1665,8.9941,9.13524,7.54731,12.5376,14.3312,11.2708,21.3518,23.1433,22.7797,11.8922,7.7872,8.79713,7.23445,8.87299,10.7049,6.93704,6.96409,7.95259,4.65223,4.24931,4.44294,5.63556,6.37028,4.98244,8.1789,9.01582,7.43799,8.34003,7.97432,10.3964,8.25405,11.4025,8.458,8.94287,9.3088,8.21099,10.933,11.7634,17.4574,7.46,8.81,6.74,19.65,27.89,11.13,27.0,21.35,12.38,24.21,22.18,11.4,23.15,18.67,13.5,17.94,19.58,14.26,12.45,9.18,7.78,12.01,10.92,8.63,14.68,8.23,12.11,15.28,8.17,16.41,21.07,10.31,17.51,25.09,9.88,16.03,24.05,9.9,15.64,18.96,7.63,20.89,27.75,8.27
Sspon.008A0000562,4.12002,3.66157,4.51906,5.21086,7.92692,1.5909,2.08894,3.56083,3.70963,4.19142,2.24151,2.18161,2.70048,5.20513,4.28454,4.47737,2.60163,2.25565,2.28341,1.36844,2.00474,1.47279,1.25292,1.78445,1.48614,1.94324,2.52793,3.85229,2.43884,1.76587,1.99725,3.54644,4.41657,3.07702,3.79106,6.08219,5.97359,4.95038,5.24895,6.00544,4.92943,3.86229,3.15245,2.94819,4.64683,4.42558,5.21814,3.36734,5.53003,2.13175,3.31897,1.47607,13.21,12.31,10.72,3.4,3.53,6.56,3.64,3.38,5.21,2.95,3.76,3.92,4.52,3.57,4.97,3.7,2.55,4.82,4.98,4.3,11.18,9.43,8.61,12.13,7.85,9.55,12.18,7.72,9.8,11.74,10.79,11.93,12.2,10.34,13.49,9.53,9.12,12.98,7.17,6.65,10.66,4.96,5.51,9.88
Sspon.008A0000563,0.512612,0.948213,1.39221,0.921648,0.728993,0.0,0.260786,0.0,0.0753986,0.178731,0.731564,0.339574,0.798088,1.02054,0.876533,0.538585,0.463959,0.569515,0.17121,0.121326,0.742256,0.449307,0.702549,0.300556,0.0980294,0.284156,0.27259,1.93705,0.703827,0.478504,1.03214,1.0486,1.24853,0.414354,0.993857,0.36294,1.98955,1.32259,0.930593,1.14577,0.996624,1.40031,0.723036,1.26771,1.36333,1.40234,2.21629,1.21543,1.33614,0.870858,1.44698,0.688954,0.0,0.0,0.0,0.0,0.0,0.0,0.0,0.0,0.0,0.0,0.0,0.0,0.0,0.0,0.0,0.0,0.0,0.0,0.0,0.0,0.0,0.0,0.0,0.0,0.0,0.0,0.0,0.0,0.0,0.0,0.0,0.0,0.0,0.0,0.0,0.0,0.0,0.0,0.0,0.0,0.0,0.0,0.0,0.0
Sspon.008A0000580,1.16019,1.82727,1.65822,1.23753,1.36472,0.103271,0.112881,0.0,0.0,0.0,1.25565,0.799451,0.443267,0.659501,2.04757,1.19087,0.33594,0.224628,0.624243,0.734575,0.352082,0.216191,0.195431,0.37408,0.260709,0.500635,0.353543,0.59125,0.386203,0.982816,0.479486,0.257701,0.554772,0.35874,0.376046,0.270687,0.419022,0.670416,0.581881,0.280814,0.576118,0.279832,0.575497,0.590141,0.715179,0.842534,0.899687,0.408338,0.826438,0.897529,0.345384,0.622106,26.89,26.39,30.65,10.16,5.07,12.53,7.11,8.13,11.08,9.55,8.07,8.47,10.05,7.4,12.42,10.94,9.14,10.56,14.56,9.45,22.77,15.25,22.89,14.85,11.19,13.09,12.26,11.18,10.88,10.6,11.68,15.13,11.42,13.26,14.17,12.94,12.36,16.58,9.67,13.65,16.44,9.36,8.41,15.45
Sspon.008A0000581,2.31292,1.99399,0.437734,1.15166,0.551023,1.43682,0.644,0.24519,1.42249,1.38543,2.32794,1.59465,1.81334,0.829792,0.736857,0.747916,2.2879,1.90098,2.97095,2.30647,1.91213,1.79458,1.46781,1.40991,1.63224,2.3872,2.53876,2.8428,1.46719,1.86776,1.76366,1.62226,1.38843,2.25178,1.90292,1.8013,1.49871,3.10629,2.58673,2.16076,3.23462,2.38745,2.82769,2.98934,3.20364,2.45903,2.55397,2.03329,3.34664,3.23442,1.90983,2.55022,0.09,0.18,0.0,1.45,2.61,2.24,1.24,2.45,1.58,2.12,1.57,1.56,2.02,2.29,1.17,2.34,1.24,2.45,1.71,2.37,0.36,1.01,0.25,0.12,1.25,0.5,0.77,1.18,1.44,1.58,1.82,1.1,1.81,1.08,0.73,1.28,1.79,1.01,1.73,2.39,1.84,2.01,2.4,1.5
Sspon.008A0000582,8.41859,7.48554,15.0791,12.135,14.9947,6.376,4.46141,12.4453,14.6148,10.0407,7.33858,8.64396,6.94322,10.6483,11.9419,10.5644,8.04534,11.2925,8.1187,5.88127,5.887,4.12015,6.3034,6.23575,7.01991,5.76853,7.70599,13.1106,6.92767,7.96256,7.94392,10.6045,10.4876,9.08538,10.4783,10.2014,10.2031,12.5247,14.4608,12.3555,10.1105,12.4194,14.429,10.2359,11.5985,12.5897,11.3664,11.2075,12.0522,12.794,7.47412,4.99543,41.97,37.58,39.43,12.46,12.86,17.99,11.99,9.98,15.79,12.56,13.76,15.79,14.25,11.4,15.55,17.31,14.34,18.45,22.57,19.97,46.17,33.75,46.8,36.83,27.63,39.93,28.3,23.29,32.92,26.57,24.01,30.38,21.51,18.34,27.7,17.98,19.79,29.24,17.03,18.21,26.0,10.35,14.79,19.94
Sspon.008A0000583,2.43371,1.94627,10.6525,6.91737,5.77646,1.09735,0.479093,2.6262,7.85747,6.09205,1.24067,1.46689,0.852293,4.81093,3.47674,3.86813,0.223562,0.235504,0.549537,0.372162,0.584593,0.321671,0.983335,1.0742,1.53833,0.505008,0.808656,1.54657,0.425231,0.259252,0.373791,0.962015,0.594528,0.320807,0.850606,0.385358,0.691209,0.649041,1.42504,0.79493,1.07241,1.17239,1.07743,0.870477,0.63337,0.986114,0.884125,0.74623,0.753074,0.6247,0.326889,0.490601,1.96,5.43,2.3,0.7,0.42,0.73,0.4,1.03,1.75,1.25,1.26,1.43,0.89,1.09,0.98,1.04,0.84,0.08,1.03,1.06,4.87,2.95,6.6,2.54,6.1,1.07,1.17,1.5,5.36,3.08,1.67,3.78,1.4,0.98,1.2,0.3,0.16,0.93,0.0,0.59,0.25,0.0,1.15,1.15
Sspon.008A0000600,0.990972,1.65066,0.521815,1.00395,1.04361,0.202088,0.110167,0.216134,0.215954,0.680423,0.649508,0.539209,0.486345,0.981608,0.774509,0.8267,0.346634,0.263008,0.418828,0.206902,0.325294,0.363601,0.336744,0.292433,0.175739,0.344228,0.319861,0.404617,0.449908,0.434677,0.327031,0.477741,0.837544,0.342807,0.318795,0.580596,0.669826,0.600211,0.450056,0.444803,0.585042,0.533685,0.56882,0.287145,0.438243,0.577811,0.561153,0.362886,0.384678,0.406312,0.634341,0.207428,5.58,7.45,7.28,3.82,3.48,3.16,4.77,3.51,3.67,3.36,4.11,2.73,4.1,3.48,3.24,4.59,3.66,4.49,5.87,4.35,6.25,3.75,5.86,5.04,5.0,4.54,5.67,4.84,5.25,5.34,4.73,6.6,4.35,5.49,6.01,5.11,4.77,5.25,4.07,4.26,5.57,4.72,4.07,5.24
Sspon.008A0000601,0.517956,0.343891,0.892086,0.926191,0.637131,0.95411,0.972005,0.74842,0.496467,0.354811,0.64709,0.489357,0.463462,0.282452,0.282655,0.347045,0.177046,0.217793,0.0595269,0.13436,0.0979141,0.210556,0.0661153,0.09336,0.0789033,0.0568284,0.0420546,0.0474116,0.0597891,0.0932821,0.0628117,0.0362438,0.0141427,0.0172164,0.00982017,0.0,0.0,0.0273896,0.0115135,0.0289155,0.0286512,0.0135943,0.0367104,0.0934268,0.0281415,0.0568335,0.0494833,0.0757183,0.0860475,0.145168,0.150977,0.212646,0.2,0.11,0.2,0.19,0.3,0.24,0.34,0.21,0.13,0.26,0.27,0.19,0.13,0.14,0.21,0.16,0.1,0.13,0.14,0.17,0.2,0.35,0.17,0.21,0.57,0.38,0.28,0.9,0.39,0.67,1.12,0.27,0.57,1.57,0.36,0.46,1.27,0.49,0.32,1.0,0.26,0.28,0.33,0.29
Sspon.008A0000602,0.120349,0.0289845,7.0103,1.83024,1.17192,0.290559,0.0,4.06121,0.553304,0.122231,0.036934,0.0,0.272979,6.01838,4.94585,5.69719,0.0,0.0,0.0195771,0.0,0.0,0.0,0.0593452,0.0196655,0.0423516,0.137056,0.153045,0.0,0.0382709,0.0373378,0.0833311,0.0691457,0.0,0.0102933,0.0269221,0.0269866,0.0148589,0.0,0.0236696,0.00951505,0.01324,0.0574902,0.0,0.0,0.0221641,0.0,0.0,0.0,0.0,0.0,0.0,0.0376736,3.91,7.3,4.0,0.02,0.13,0.13,0.06,0.08,0.18,0.11,0.23,0.12,0.13,0.02,0.12,0.06,0.04,0.02,0.0,0.06,2.03,3.96,2.43,0.54,0.62,0.76,0.49,0.51,0.47,0.38,0.32,0.56,0.41,0.15,0.37,0.33,0.1,0.2,0.28,0.15,0.29,0.09,0.13,0.17
Sspon.008A0000660,0.102763,0.068764,7.93027,0.0943154,0.154626,0.0,0.192794,3.61643,0.376256,0.111487,0.0751871,0.0908142,0.214825,3.80013,3.61981,4.58152,0.0,0.0,0.0,0.0,0.0271761,0.0,0.146112,0.0468841,0.0262122,0.0,0.0,0.0,0.283987,0.0612408,0.022465,0.0337679,0.0356132,0.276899,0.0,0.0,0.0,0.0,0.0575833,0.0,0.0210576,0.0,0.0,0.0468722,0.0,0.0,0.0,0.0,0.0,0.0,0.0171429,0.0433527,0.0,0.0,5.58,0.0,0.0,0.0,0.0,0.0,2.95,0.0,0.0,0.0,2.38,0.0,0.0,2.71,3.87,1.88,4.73,0.0,0.0,0.0,0.0,0.0,0.0,16.06,0.0,5.43,0.0,0.0,0.0,0.0,8.33,0.0,31.88,0.0,0.0,4.81,0.0,0.0,0.59,1.72,0.0,0.0
Sspon.008A0000661,24.6351,29.7417,1.69253,3.23541,4.58498,41.1927,25.6913,0.561405,0.822995,1.69146,54.1777,46.2572,66.7584,22.8423,14.7713,15.3093,60.8337,68.9262,69.1695,61.0103,41.8601,69.5662,45.9022,22.7075,52.7002,26.6658,31.41,28.7002,26.3614,20.8445,19.6873,16.0248,17.0018,24.0455,18.0864,18.3731,21.114,23.6324,23.5768,22.1384,29.0938,39.7525,31.794,44.3265,37.3339,45.154,42.5247,34.6128,71.6216,86.8224,53.1666,54.4631,7.55,4.08,6.57,162.64,185.29,200.23,139.11,157.78,195.5,134.97,124.63,160.01,120.22,117.26,155.63,138.93,118.4,153.83,95.97,104.31,25.56,10.33,10.43,45.79,28.99,26.12,81.16,44.75,46.97,97.5,63.91,66.31,133.78,110.54,87.84,169.98,142.83,120.84,169.06,159.58,156.79,156.41,196.42,171.75
Sspon.008A0000662,1.82168,1.43722,1.75038,2.21522,2.23316,1.80254,1.58133,0.902149,2.81251,2.33839,2.61826,2.53061,2.47754,2.83347,2.91819,2.67951,3.50368,3.96211,3.68263,1.9844,2.55356,2.12408,2.49209,2.62245,2.46549,2.78194,3.52406,4.14167,2.17307,2.3943,2.51646,2.96293,3.7192,3.11963,3.71394,5.20393,3.88572,3.48661,4.46074,4.83117,4.40128,3.86457,4.16825,4.21881,4.16993,4.44628,4.07896,5.07696,4.63088,3.52992,4.3251,2.54763,1.79,2.47,2.75,0.28,1.26,1.17,1.21,0.97,1.38,1.34,1.41,1.61,1.5,1.02,1.17,1.14,1.33,1.08,2.27,1.48,2.36,1.69,2.16,1.45,1.08,1.52,1.45,1.42,1.26,1.69,1.26,2.11,1.56,1.63,1.91,0.97,1.63,2.56,1.18,1.32,1.46,1.27,1.64,1.73
Sspon.008A0000663,0.0,0.168647,0.147564,0.0,0.0,0.0,0.0,0.0,0.0,0.0,0.0,0.0,0.0,0.0,0.582518,0.60337,0.0,0.0,0.0,0.0,0.0,0.0,0.0,0.0,0.0,0.0,0.0,0.0,0.0,0.0,0.0,0.0,0.0,0.0,0.0,0.0,0.0,0.0,0.0,0.0,0.0,0.0,0.0,0.0,0.0,0.0,0.0,0.0,0.0,0.0,0.0,0.0,1.84,2.07,2.68,0.0,0.05,0.0,0.0,0.11,0.0,0.0,0.0,0.0,0.13,0.18,0.13,0.0,0.0,0.0,0.12,0.13,1.9,1.04,1.98,0.93,0.07,0.69,0.0,0.13,0.0,0.08,0.0,0.09,0.24,0.08,0.0,0.0,0.07,0.08,0.0,0.08,0.13,0.06,0.0,0.0
Sspon.008A0000690,0.892881,1.11041,35.1303,14.892,21.7682,0.289124,0.262458,35.3465,14.2967,13.7549,0.257385,0.201867,0.311326,28.7189,28.456,27.9545,0.387567,0.28754,0.378294,0.0729462,0.177968,0.125092,0.0595642,0.303239,0.261563,0.195231,0.404823,2.7337,0.724439,1.15671,0.975028,1.93131,2.40416,1.95544,3.27401,2.49677,3.86817,2.78044,3.37981,2.56432,2.42096,3.48608,3.3653,1.96235,2.96658,1.8448,1.11053,1.4102,1.23483,1.00807,0.437924,0.377892,150.36,152.94,181.34,0.22,0.14,0.13,0.11,0.05,0.0,0.04,0.0,0.0,0.13,0.0,0.25,0.37,0.0,0.14,0.3,0.25,113.31,62.82,136.45,13.21,4.08,14.67,2.24,2.31,1.92,1.04,0.98,1.87,0.4,0.3,1.35,0.0,0.32,0.83,0.27,0.35,0.42,0.07,0.18,0.45
Sspon.008A0000700,0.185659,0.374152,0.428574,0.301679,0.17344,0.148721,0.0,0.0,0.0,0.0,0.0786868,0.0745193,0.107335,1.31526,1.29353,1.02648,0.0601153,0.0,0.0,0.118984,0.0,0.0,0.0866934,0.197925,0.0620356,0.105459,0.0739658,0.0,0.0,0.0,0.0,0.080481,0.0,0.0,0.03916,0.233462,0.0,0.0891801,0.206249,0.124879,0.0,0.0834712,0.0,0.0,0.0,0.0434612,0.0833551,0.0,0.13665,0.168133,0.0,0.15965,4.92,3.6,5.58,0.0,0.0,0.0,0.0,0.07,0.05,0.33,0.0,0.0,0.0,0.07,0.0,0.0,0.15,0.05,0.31,0.17,1.61,0.27,0.66,0.23,0.23,0.15,0.1,0.18,0.37,0.05,0.0,0.2,0.0,0.15,0.0,0.0,0.05,0.0,0.09,0.0,0.0,0.0,0.07,0.0
Sspon.008A0000710,3.23482,1.96927,2.20369,5.07808,6.40726,0.0,0.0,4.68077,2.36436,1.177,1.36051,0.800153,1.55329,2.79978,2.40499,2.90748,1.27711,1.35445,1.16189,1.0487,0.502096,0.341482,0.35212,0.512094,0.46825,0.0,0.514074,2.88615,0.346999,0.253078,0.435588,1.58617,2.68151,1.92406,3.39719,5.88155,3.30665,2.67782,3.49213,3.39611,3.68399,3.11124,1.73748,3.43304,2.84685,2.76761,2.36405,2.24548,2.32114,1.86648,1.46046,0.490103,8.42,3.86,7.56,0.31,0.25,0.0,0.28,0.37,0.26,0.27,0.0,0.62,0.33,0.33,0.36,0.7,0.67,0.25,1.76,0.59,3.65,1.16,2.96,1.04,1.02,1.62,1.84,1.56,1.41,1.66,1.64,2.56,1.6,1.45,2.21,0.59,0.85,1.64,0.79,0.92,1.35,0.67,0.0,0.0
Sspon.008A0000720,2.38405,2.26164,3.90952,3.00404,4.50922,0.678818,0.987098,0.848115,3.66574,4.23815,2.8583,2.24295,1.79528,4.13844,4.32438,3.02096,2.17043,2.33449,2.92445,2.08584,2.05343,1.40693,0.94664,1.91042,1.53079,1.36661,2.05789,4.80672,2.75811,2.50452,2.21158,3.36102,4.1116,2.9972,2.87284,4.36945,3.2187,5.13432,5.14545,4.38711,4.51069,2.49565,3.3894,3.73652,4.87428,4.42657,3.83706,5.76596,4.09669,4.17221,2.81408,2.66769,3.55,3.25,3.54,0.7,0.41,1.34,1.42,1.08,1.19,1.07,1.11,1.59,1.52,1.72,1.63,1.95,1.46,1.47,3.12,0.62,2.82,2.3,2.99,1.81,1.54,3.05,1.56,1.48,1.65,1.13,0.86,1.79,0.64,0.68,2.35,1.3,0.84,2.16,0.69,1.65,1.77,0.3,0.55,1.21
Sspon.008A0000721,3.18163,3.09512,8.35546,16.9085,13.001,5.29076,6.12319,6.85824,34.9511,47.8664,4.70571,5.26171,5.06244,10.4881,10.2957,12.0969,11.0851,15.5113,13.6375,5.83521,7.15095,6.15945,6.34906,6.6597,6.93918,6.33823,8.74682,12.7643,6.50995,8.05948,8.29276,8.46582,8.1179,6.72897,6.54926,8.98798,7.23444,11.6245,13.9281,9.72534,8.74339,9.51284,15.2752,9.88147,13.4414,12.9536,9.30341,12.8872,14.3848,13.0438,9.52202,5.39119,5.09,7.91,5.16,3.48,6.49,5.97,5.72,3.73,4.43,5.81,4.75,4.31,5.86,6.36,4.7,7.58,5.84,3.42,7.0,5.05,5.4,12.61,7.97,6.52,7.1,6.43,5.67,11.61,5.84,4.46,9.75,5.67,3.33,7.66,6.3,5.06,8.09,5.64,5.09,7.43,8.71,3.71,7.22,5.66
Sspon.008A0000722,0.052454,0.111961,8.55025,0.14066,0.133622,0.178601,0.0432089,8.15914,0.113339,0.125228,0.0928145,0.169031,0.225138,5.44418,7.69655,4.63555,0.0126432,0.0,0.0478224,0.0123771,0.0159805,0.0718269,0.0302274,0.0599883,0.0582618,0.0111533,0.0103847,0.0,0.0701941,0.060855,0.205449,0.025346,0.0941712,0.0251999,0.0109647,0.0768581,0.0,0.0,0.0240957,0.0116292,0.0376967,0.0,0.0514632,0.0293381,0.0,0.0,0.0117311,0.0178995,0.014399,0.0,0.00437483,0.0344042,26.39,16.87,11.91,0.03,0.03,0.08,0.06,0.05,0.03,0.06,0.07,0.07,0.08,0.07,0.08,0.17,0.07,0.09,0.4,0.33,60.73,71.12,44.66,48.04,56.95,67.54,17.9,19.21,24.78,17.63,8.98,8.04,11.29,10.04,17.09,2.22,2.91,13.64,0.52,1.05,1.15,0.13,0.18,0.04
Sspon.008A0000723,0.072449,0.0,0.0,0.0,0.0,0.0,0.0,0.0,0.0,0.0,0.0,0.0,0.0,0.0,0.0,0.0,0.0,0.0,0.0,0.0,0.0,0.0,0.0,0.0,0.0,0.0,0.0,0.0,0.0,0.0,0.0,0.0,0.0,0.0,0.0,0.0,0.0,0.0,0.0,0.0,0.0,0.0,0.0,0.0,0.0,0.0,0.0,0.0,0.0,0.0,0.0,0.0,0.0,0.0,0.0,0.0,0.0,0.0,0.0,0.0,0.0,0.0,0.0,0.0,0.0,0.0,0.06,0.0,0.0,0.0,0.0,0.0,0.0,0.0,0.0,0.0,0.0,0.03,0.0,0.0,0.0,0.04,0.0,0.0,0.0,0.0,0.0,0.0,0.0,0.0,0.0,0.04,0.0,0.0,0.0,0.0
Sspon.008A0000724,50.4178,54.5825,3.27823,3.41982,3.2169,27.3906,9.63241,5.37726,3.86973,3.63277,84.4164,92.2682,88.6906,18.6206,18.6902,17.7295,32.5179,31.8542,27.7231,36.9689,30.8886,37.783,20.004,18.2114,23.5748,22.8002,17.5775,32.7705,13.6731,12.4395,9.78557,10.4533,16.9927,15.044,30.0838,37.5019,31.0063,28.3809,32.4404,39.2133,46.648,44.5449,31.1696,55.5768,33.854,48.0903,64.4895,67.4356,40.337,43.2849,63.6909,31.9304,14.37,10.39,12.24,57.28,83.14,85.07,66.83,53.72,78.02,63.14,45.75,73.55,61.26,44.71,64.91,51.67,38.07,52.06,41.9,37.91,24.25,14.04,18.16,37.51,15.77,25.08,41.35,21.85,42.65,46.55,32.62,44.38,54.22,38.81,48.22,64.52,51.43,55.09,64.86,51.5,70.72,56.03,84.47,82.44
Sspon.008A0000725,0.0,0.0,0.0,0.0,0.0,0.0,0.0,0.0,0.0,0.0,0.0,0.0188089,0.0,0.0,0.024399,0.0,0.0,0.0,0.0,0.0,0.0,0.0,0.0,0.0,0.0,0.0791334,0.0138493,0.0,0.0,0.0,0.0,0.0,0.0,0.0,0.0,0.0,0.0,0.0,0.0,0.0,0.0,0.0,0.0,0.0,0.0,0.0,0.0,0.047796,0.0,0.0,0.0,0.0,0.09,0.18,0.25,0.04,0.03,0.18,0.13,0.0,0.29,0.0,0.1,0.11,0.11,0.11,0.08,0.15,0.07,0.0,0.0,0.05,0.18,0.2,0.16,0.09,0.05,0.0,0.05,0.0,0.0,0.0,0.05,0.0,0.0,0.1,0.05,0.0,0.11,0.06,0.12,0.04,0.0,0.14,0.0,0.11
Sspon.008A0000726,0.163343,0.0,0.650913,0.165421,0.0816233,0.156388,0.0,1.49735,0.669603,0.131594,0.131029,0.0415977,0.198634,0.336642,0.484222,0.77635,0.131452,0.065776,0.0932019,0.0,0.106773,0.0373115,0.0,0.0311257,0.0,0.0,0.040477,0.0461813,0.0406095,0.118762,0.0,0.0878741,0.0945717,0.0657233,0.128293,0.0427505,0.23631,0.147678,0.338217,0.0907561,0.0209579,0.0,0.0673574,0.0,0.0352264,0.0476309,0.0457011,0.034899,0.0748205,0.0,0.0227058,0.0592992,1.61,1.39,1.6,0.1,0.09,0.24,0.13,0.06,0.11,0.05,0.2,0.21,0.18,0.05,0.11,0.15,0.09,0.11,0.17,0.16,1.32,1.42,1.74,0.7,0.65,1.2,0.47,0.26,0.54,0.43,0.21,0.48,0.27,0.23,0.24,0.2,0.26,0.31,0.07,0.11,0.27,0.07,0.08,0.31
